DATE,SITE_TYPE,SITE_NUMBER,SITE_ID,SPECIES_CODE,PERCENT_PLANT_IN_PLOT,CANOPY_DIA_1_CM,CANOPY_DIA_2_CM,PLANT_HT_CM,HT_TO_TALLEST_BUDSCAR_CM,MICROPLOT_ID,NUMBER_STEMS_IN_MICROPLOT,GENUS,COMMENTS
2017-07-05T00:00:00Z,WC,35,WC35,DAFR,80,25,25,25,20,NA,NA,nonwillow,NA
2017-07-05T00:00:00Z,WC,35,WC35,DAFR,100,15,10,30,25,NA,NA,nonwillow,NA
2017-07-05T00:00:00Z,WC,35,WC35,DAFR,100,20,15,25,20,S,3,nonwillow,NA
2017-07-05T00:00:00Z,WC,35,WC35,DAFR,80,50,30,35,30,NA,NA,nonwillow,NA
2017-07-05T00:00:00Z,WC,35,WC35,DAFR,50,30,20,40,30,NA,NA,nonwillow,NA
2017-07-05T00:00:00Z,WC,35,WC35,DAFR,100,15,15,30,25,NA,NA,nonwillow,NA
2017-07-05T00:00:00Z,WC,35,WC35,DAFR,100,20,15,30,25,NA,NA,nonwillow,NA
2017-07-05T00:00:00Z,WC,35,WC35,DAFR,100,30,10,20,10,NA,NA,nonwillow,NA
2017-07-05T00:00:00Z,WC,35,WC35,DAFR,100,30,10,35,30,NA,NA,nonwillow,NA
2017-07-05T00:00:00Z,WC,35,WC35,DAFR,100,30,20,45,35,NA,NA,nonwillow,NA
2017-07-05T00:00:00Z,WC,35,WC35,DAFR,100,30,15,20,10,NA,NA,nonwillow,NA
2017-07-05T00:00:00Z,WC,35,WC35,DAFR,100,25,15,30,25,NA,NA,nonwillow,NA
2017-07-05T00:00:00Z,WC,35,WC35,DAFR,100,20,20,45,40,NA,NA,nonwillow,NA
2017-07-05T00:00:00Z,WC,35,WC35,DAFR,100,35,35,45,40,NA,NA,nonwillow,NA
2017-07-05T00:00:00Z,WC,35,WC35,DAFR,100,80,45,45,40,W,11,nonwillow,NA
2017-07-05T00:00:00Z,WC,35,WC35,DAFR,90,50,25,35,30,W,10,nonwillow,NA
2017-07-05T00:00:00Z,WC,35,WC35,DAFR,100,35,30,35,25,W,9,nonwillow,NA
2017-07-05T00:00:00Z,WC,35,WC35,DAFR,100,50,45,35,30,NA,NA,nonwillow,NA
2017-07-05T00:00:00Z,WC,35,WC35,DAFR,100,35,25,25,25,NA,NA,nonwillow,NA
2017-07-05T00:00:00Z,WC,35,WC35,DAFR,100,40,20,50,40,NA,NA,nonwillow,NA
2017-07-05T00:00:00Z,WC,35,WC35,DAFR,50,75,50,50,40,NA,NA,nonwillow,NA
2017-07-05T00:00:00Z,WC,35,WC35,DAFR,100,30,20,30,25,N,2,nonwillow,NA
2017-07-05T00:00:00Z,WC,35,WC35,DAFR,100,55,25,35,30,NA,NA,nonwillow,NA
2017-07-05T00:00:00Z,WC,35,WC35,DAFR,100,70,45,35,30,NA,NA,nonwillow,NA
2017-07-05T00:00:00Z,WC,35,WC35,DAFR,100,30,20,25,20,NA,NA,nonwillow,NA
2017-07-05T00:00:00Z,WC,35,WC35,DAFR,100,60,50,45,35,NA,NA,nonwillow,NA
2017-07-05T00:00:00Z,WC,35,WC35,DAFR,100,20,10,20,20,NA,NA,nonwillow,NA
2017-07-05T00:00:00Z,WC,35,WC35,DAFR,100,40,20,20,30,NA,NA,nonwillow,NA
2017-07-05T00:00:00Z,WC,35,WC35,DAFR,100,35,30,35,30,NA,NA,nonwillow,NA
2017-07-05T00:00:00Z,WC,35,WC35,DAFR,100,40,25,35,30,NA,NA,nonwillow,NA
2017-07-06T00:00:00Z,WC,37,WC37,BEGL,100,25,15,75,65,NA,NA,nonwillow,NA
2017-07-06T00:00:00Z,WC,37,WC37,BEOC,25,20,10,50,45,NA,NA,nonwillow,NA
2017-07-06T00:00:00Z,WC,37,WC37,BEOC,70,35,30,85,85,NA,NA,nonwillow,NA
2017-07-06T00:00:00Z,WC,37,WC37,BEOC,50,200,175,210,205,NA,NA,nonwillow,NA
2017-07-06T00:00:00Z,WC,37,WC37,DAFR,40,90,60,90,85,W,12,nonwillow,NA
2017-07-06T00:00:00Z,WC,37,WC37,DAFR,20,125,105,90,90,W,7,nonwillow,NA
2017-07-06T00:00:00Z,WC,37,WC37,DAFR,100,85,45,70,65,W,10,nonwillow,NA
2017-07-06T00:00:00Z,WC,37,WC37,DAFR,100,135,90,75,70,W,3,nonwillow,NA
2017-07-06T00:00:00Z,WC,37,WC37,DAFR,60,80,55,95,90,NA,NA,nonwillow,NA
2017-07-06T00:00:00Z,WC,37,WC37,DAFR,100,20,10,35,30,NA,NA,nonwillow,NA
2017-07-06T00:00:00Z,WC,37,WC37,DAFR,95,40,30,50,45,NA,NA,nonwillow,NA
2017-07-06T00:00:00Z,WC,37,WC37,DAFR,20,120,70,80,75,E,3,nonwillow,NA
2017-07-06T00:00:00Z,WC,37,WC37,DAFR,100,95,65,50,45,NA,NA,nonwillow,NA
2017-07-06T00:00:00Z,WC,37,WC37,DAFR,100,20,10,35,30,NA,NA,nonwillow,NA
2017-07-06T00:00:00Z,WC,37,WC37,DAFR,100,115,100,70,60,NA,NA,nonwillow,NA
2017-07-06T00:00:00Z,WC,37,WC37,SABE,100,185,110,155,140,W,1,willow,NA
2017-07-06T00:00:00Z,WC,37,WC37,SAMO,80,125,95,140,130,N,9,willow,NA
2017-07-06T00:00:00Z,WC,37,WC37,SAMO,100,140,130,150,140,NA,NA,willow,NA
2017-07-06T00:00:00Z,WC,38,WC38,BEGL,75,30,20,40,40,W,1,nonwillow,NA
2017-07-06T00:00:00Z,WC,38,WC38,BEOC,50,190,135,140,135,N,8,nonwillow,NA
2017-07-06T00:00:00Z,WC,38,WC38,BEOC,90,160,115,145,130,NA,NA,nonwillow,NA
2017-07-06T00:00:00Z,WC,38,WC38,BEOC,100,100,60,140,130,NA,NA,nonwillow,NA
2017-07-06T00:00:00Z,WC,38,WC38,BEOC,10,290,260,260,255,E,4,nonwillow,NA
2017-07-06T00:00:00Z,WC,38,WC38,BEOC,100,115,90,135,125,NA,NA,nonwillow,NA
2017-07-06T00:00:00Z,WC,38,WC38,BEOC,100,110,85,175,160,NA,NA,nonwillow,NA
2017-07-06T00:00:00Z,WC,38,WC38,BEOC,100,140,140,165,155,NA,NA,nonwillow,NA
2017-07-06T00:00:00Z,WC,38,WC38,BEOC,100,160,160,220,210,NA,NA,nonwillow,NA
2017-07-06T00:00:00Z,WC,38,WC38,BEOC,10,160,130,215,205,S,3,nonwillow,NA
2017-07-06T00:00:00Z,WC,38,WC38,BEOC,100,105,100,150,140,NA,NA,nonwillow,NA
2017-07-06T00:00:00Z,WC,38,WC38,DAFR,75,85,35,50,45,W,9,nonwillow,NA
2017-07-06T00:00:00Z,WC,38,WC38,DAFR,40,45,20,40,30,W,2,nonwillow,NA
2017-07-06T00:00:00Z,WC,38,WC38,DAFR,100,60,60,40,25,NA,NA,nonwillow,NA
2017-07-06T00:00:00Z,WC,38,WC38,DAFR,50,20,15,30,25,NA,NA,nonwillow,NA
2017-07-06T00:00:00Z,WC,38,WC38,DAFR,100,20,15,20,10,NA,NA,nonwillow,NA
2017-07-06T00:00:00Z,WC,38,WC38,DAFR,100,25,15,45,40,NA,NA,nonwillow,NA
2017-07-06T00:00:00Z,WC,38,WC38,DAFR,100,45,30,40,35,NA,NA,nonwillow,NA
2017-07-06T00:00:00Z,WC,38,WC38,DAFR,5,80,70,70,65,NA,NA,nonwillow,NA
2017-07-06T00:00:00Z,WC,38,WC38,DAFR,100,90,60,80,75,NA,NA,nonwillow,NA
2017-07-06T00:00:00Z,WC,38,WC38,DAFR,100,40,20,80,70,NA,NA,nonwillow,NA
2017-07-06T00:00:00Z,WC,38,WC38,DAFR,100,45,20,65,55,E,6,nonwillow,NA
2017-07-06T00:00:00Z,WC,38,WC38,DAFR,75,85,50,95,75,E,9,nonwillow,NA
2017-07-06T00:00:00Z,WC,38,WC38,DAFR,100,155,70,80,70,NA,NA,nonwillow,NA
2017-07-06T00:00:00Z,WC,38,WC38,DAFR,100,20,15,30,15,NA,NA,nonwillow,NA
2017-07-06T00:00:00Z,WC,38,WC38,DAFR,100,20,10,30,20,NA,NA,nonwillow,NA
2017-07-06T00:00:00Z,WC,38,WC38,DAFR,100,25,10,35,1,NA,NA,nonwillow,NA
2017-07-06T00:00:00Z,WC,38,WC38,DAFR,100,80,30,65,55,NA,NA,nonwillow,NA
2017-07-06T00:00:00Z,WC,38,WC38,DAFR,100,65,30,65,60,NA,NA,nonwillow,NA
2017-07-06T00:00:00Z,WC,38,WC38,DAFR,90,60,50,50,45,S,11,nonwillow,NA
2017-07-06T00:00:00Z,WC,38,WC38,LOIN,100,80,50,75,50,NA,NA,nonwillow,NA
2017-07-06T00:00:00Z,WC,38,WC38,LOIN,5,110,50,50,40,N,5,nonwillow,NA
2017-07-06T00:00:00Z,WC,38,WC38,LOIN,100,130,85,90,65,NA,NA,nonwillow,NA
2017-07-06T00:00:00Z,WC,38,WC38,SABE,90,130,55,105,100,W,6,willow,NA
2017-07-06T00:00:00Z,WC,38,WC38,SABE,100,100,100,100,95,NA,NA,willow,NA
2017-07-06T00:00:00Z,WC,38,WC38,SABE,100,110,60,140,130,NA,NA,willow,NA
2017-07-06T00:00:00Z,WC,38,WC38,SABE,100,30,15,130,120,NA,NA,willow,NA
2017-07-06T00:00:00Z,WC,38,WC38,SABE,90,35,10,35,30,NA,NA,willow,NA
2017-07-06T00:00:00Z,WC,38,WC38,SAMO,100,75,70,80,65,NA,NA,willow,NA
2017-07-06T00:00:00Z,WC,38,WC38,SAMO,100,100,50,120,115,S,4,willow,NA
2017-07-05T00:00:00Z,WC,55,WC55,BEOC,40,80,40,75,65,NA,NA,nonwillow,NA
2017-07-05T00:00:00Z,WC,55,WC55,BEOC,100,20,10,30,25,NA,NA,nonwillow,NA
2017-07-05T00:00:00Z,WC,55,WC55,BEOC,100,30,20,55,50,NA,NA,nonwillow,NA
2017-07-05T00:00:00Z,WC,55,WC55,BEOC,90,20,15,40,35,NA,NA,nonwillow,NA
2017-07-05T00:00:00Z,WC,55,WC55,BEOC,60,60,35,60,55,NA,NA,nonwillow,NA
2017-07-05T00:00:00Z,WC,55,WC55,BEOC,100,30,30,45,35,NA,NA,nonwillow,NA
2017-07-05T00:00:00Z,WC,55,WC55,BEOC,75,100,60,80,75,NA,NA,nonwillow,NA
2017-07-05T00:00:00Z,WC,55,WC55,BEOC,100,20,5,40,30,NA,NA,nonwillow,NA
2017-07-05T00:00:00Z,WC,55,WC55,BEOC,100,25,15,40,35,NA,NA,nonwillow,NA
2017-07-05T00:00:00Z,WC,55,WC55,BEOC,100,15,10,20,10,NA,NA,nonwillow,NA
2017-07-05T00:00:00Z,WC,55,WC55,BEOC,100,10,10,25,10,NA,NA,nonwillow,NA
2017-07-05T00:00:00Z,WC,55,WC55,BEOC,100,15,15,35,30,NA,NA,nonwillow,NA
2017-07-05T00:00:00Z,WC,55,WC55,BEOC,100,20,10,35,25,NA,NA,nonwillow,NA
2017-07-05T00:00:00Z,WC,55,WC55,BEOC,100,25,20,35,30,NA,NA,nonwillow,NA
2017-07-05T00:00:00Z,WC,55,WC55,BEOC,100,10,10,30,20,NA,NA,nonwillow,NA
2017-07-05T00:00:00Z,WC,55,WC55,DAFR,10,40,25,60,55,W,1,nonwillow,NA
2017-07-05T00:00:00Z,WC,55,WC55,DAFR,90,20,10,50,45,NA,NA,nonwillow,NA
2017-07-05T00:00:00Z,WC,55,WC55,DAFR,100,25,15,45,30,NA,NA,nonwillow,NA
2017-07-05T00:00:00Z,WC,55,WC55,DAFR,100,15,5,40,30,NA,NA,nonwillow,NA
2017-07-05T00:00:00Z,WC,55,WC55,DAFR,100,30,5,50,45,NA,NA,nonwillow,NA
2017-07-05T00:00:00Z,WC,55,WC55,DAFR,100,25,20,40,35,NA,NA,nonwillow,NA
2017-07-05T00:00:00Z,WC,55,WC55,DAFR,100,20,10,40,40,NA,NA,nonwillow,NA
2017-07-05T00:00:00Z,WC,55,WC55,DAFR,100,10,5,10,5,NA,NA,nonwillow,NA
2017-07-05T00:00:00Z,WC,55,WC55,DAFR,100,10,10,30,20,NA,NA,nonwillow,NA
2017-07-05T00:00:00Z,WC,55,WC55,DAFR,100,15,10,20,10,NA,NA,nonwillow,NA
2017-07-05T00:00:00Z,WC,55,WC55,DAFR,100,15,10,20,10,NA,NA,nonwillow,NA
2017-07-05T00:00:00Z,WC,55,WC55,DAFR,100,15,5,20,10,NA,NA,nonwillow,NA
2017-07-05T00:00:00Z,WC,55,WC55,DAFR,100,35,25,30,30,NA,NA,nonwillow,NA
2017-07-05T00:00:00Z,WC,55,WC55,DAFR,100,55,25,40,35,NA,NA,nonwillow,NA
2017-07-05T00:00:00Z,WC,55,WC55,DAFR,100,15,10,20,10,NA,NA,nonwillow,NA
2017-07-05T00:00:00Z,WC,55,WC55,DAFR,100,55,15,35,30,NA,NA,nonwillow,NA
2017-07-05T00:00:00Z,WC,55,WC55,DAFR,5,25,10,40,35,E,3,nonwillow,NA
2017-07-05T00:00:00Z,WC,55,WC55,DAFR,100,15,5,20,15,NA,NA,nonwillow,NA
2017-07-05T00:00:00Z,WC,55,WC55,DAFR,100,50,30,65,60,NA,NA,nonwillow,NA
2017-07-05T00:00:00Z,WC,55,WC55,DAFR,100,50,25,30,25,NA,NA,nonwillow,NA
2017-07-05T00:00:00Z,WC,55,WC55,DAFR,100,35,15,50,45,NA,NA,nonwillow,NA
2017-07-05T00:00:00Z,WC,55,WC55,DAFR,100,25,15,35,30,NA,NA,nonwillow,NA
2017-07-05T00:00:00Z,WC,55,WC55,DAFR,100,35,30,45,40,NA,NA,nonwillow,NA
2017-07-05T00:00:00Z,WC,55,WC55,DAFR,100,85,50,60,55,NA,NA,nonwillow,NA
2017-07-05T00:00:00Z,WC,55,WC55,DAFR,100,15,15,40,40,NA,NA,nonwillow,NA
2017-07-05T00:00:00Z,WC,55,WC55,DAFR,100,10,10,30,30,NA,NA,nonwillow,NA
2017-07-05T00:00:00Z,WC,55,WC55,DAFR,100,55,10,35,30,NA,NA,nonwillow,NA
2017-07-05T00:00:00Z,WC,55,WC55,DAFR,100,15,10,25,25,NA,NA,nonwillow,NA
2017-07-05T00:00:00Z,WC,55,WC55,DAFR,100,5,5,10,5,NA,NA,nonwillow,NA
2017-07-05T00:00:00Z,WC,55,WC55,DAFR,100,40,30,25,20,NA,NA,nonwillow,NA
2017-07-05T00:00:00Z,WC,55,WC55,DAFR,100,5,5,25,20,NA,NA,nonwillow,NA
2017-07-05T00:00:00Z,WC,55,WC55,DAFR,100,50,40,40,35,NA,NA,nonwillow,NA
2017-07-05T00:00:00Z,WC,55,WC55,DAFR,100,20,20,20,10,NA,NA,nonwillow,NA
2017-07-05T00:00:00Z,WC,55,WC55,DAFR,100,35,10,35,30,NA,NA,nonwillow,NA
2017-07-05T00:00:00Z,WC,55,WC55,DAFR,100,5,5,20,5,NA,NA,nonwillow,NA
2017-07-05T00:00:00Z,WC,55,WC55,DAFR,100,45,40,30,25,NA,NA,nonwillow,NA
2017-07-05T00:00:00Z,WC,55,WC55,DAFR,100,15,5,25,20,NA,NA,nonwillow,NA
2017-07-05T00:00:00Z,WC,55,WC55,DAFR,100,20,15,20,10,NA,NA,nonwillow,NA
2017-07-05T00:00:00Z,WC,55,WC55,DAFR,100,20,10,30,25,NA,NA,nonwillow,NA
2017-07-05T00:00:00Z,WC,55,WC55,DAFR,100,20,20,25,25,NA,NA,nonwillow,NA
2017-07-05T00:00:00Z,WC,55,WC55,DAFR,100,30,5,25,20,NA,NA,nonwillow,NA
2017-07-05T00:00:00Z,WC,55,WC55,SAMO,100,70,65,70,50,NA,NA,willow,NA
2017-07-05T00:00:00Z,WC,55,WC55,SAMO,100,35,15,45,35,NA,NA,willow,NA
2017-07-05T00:00:00Z,WC,55,WC55,SAMO,100,45,20,30,25,NA,NA,willow,NA
2017-07-05T00:00:00Z,WC,55,WC55,SAMO,100,15,15,40,30,NA,NA,willow,NA
2017-07-05T00:00:00Z,WC,55,WC55,SAMO,100,45,45,50,45,NA,NA,willow,NA
2017-07-05T00:00:00Z,WC,56,WC56,DAFR,100,15,5,30,25,NA,NA,nonwillow,NA
2017-07-05T00:00:00Z,WC,56,WC56,DAFR,100,20,10,40,35,NA,NA,nonwillow,NA
2017-07-05T00:00:00Z,WC,56,WC56,DAFR,100,20,15,30,25,NA,NA,nonwillow,NA
2017-07-05T00:00:00Z,WC,56,WC56,DAFR,100,5,5,30,25,NA,NA,nonwillow,NA
2017-07-05T00:00:00Z,WC,56,WC56,DAFR,100,30,25,30,25,NA,NA,nonwillow,NA
2017-07-05T00:00:00Z,WC,56,WC56,DAFR,100,15,10,20,10,NA,NA,nonwillow,NA
2017-07-05T00:00:00Z,WC,56,WC56,DAFR,100,20,20,50,45,NA,NA,nonwillow,NA
2017-07-05T00:00:00Z,WC,56,WC56,DAFR,100,50,25,60,55,NA,NA,nonwillow,NA
2017-07-05T00:00:00Z,WC,56,WC56,SAMO,100,45,25,55,40,NA,NA,willow,NA
2017-07-05T00:00:00Z,WC,56,WC56,SAMO,100,20,10,50,35,NA,NA,willow,NA
2017-07-05T00:00:00Z,WC,56,WC56,SAMO,100,35,30,45,40,NA,NA,willow,NA
2017-07-05T00:00:00Z,WC,56,WC56,SAMO,100,25,10,35,30,NA,NA,willow,NA
2017-07-05T00:00:00Z,WC,56,WC56,SAMO,100,20,10,10,5,NA,NA,willow,NA
2017-07-05T00:00:00Z,WC,56,WC56,SAMO,100,25,15,30,20,NA,NA,willow,NA
2017-07-05T00:00:00Z,WC,56,WC56,SAMO,100,30,20,30,20,NA,NA,willow,NA
2017-07-06T00:00:00Z,WC,57,WC57,DAFR,20,15,15,40,40,NA,NA,nonwillow,NA
2017-07-06T00:00:00Z,WC,57,WC57,DAFR,100,10,5,35,25,NA,NA,nonwillow,NA
2017-07-06T00:00:00Z,WC,57,WC57,DAFR,5,50,15,55,50,N,1,nonwillow,NA
2017-07-06T00:00:00Z,WC,57,WC57,DAFR,30,55,15,50,45,N,2,nonwillow,NA
2017-07-06T00:00:00Z,WC,57,WC57,DAFR,100,45,30,40,35,W,6,nonwillow,NA
2017-07-06T00:00:00Z,WC,57,WC57,DAFR,100,10,5,20,15,NA,NA,nonwillow,NA
2017-07-06T00:00:00Z,WC,57,WC57,DAFR,100,40,15,20,15,NA,NA,nonwillow,NA
2017-07-06T00:00:00Z,WC,57,WC57,DAFR,100,45,30,45,40,NA,NA,nonwillow,NA
2017-07-06T00:00:00Z,WC,57,WC57,DAFR,100,20,10,30,25,NA,NA,nonwillow,NA
2017-07-06T00:00:00Z,WC,57,WC57,DAFR,100,10,5,15,10,NA,NA,nonwillow,NA
2017-07-06T00:00:00Z,WC,57,WC57,DAFR,100,25,15,25,20,NA,NA,nonwillow,NA
2017-07-06T00:00:00Z,WC,57,WC57,DAFR,100,70,30,40,35,S,14,nonwillow,NA
2017-07-06T00:00:00Z,WC,57,WC57,DAFR,100,30,25,35,30,S,3,nonwillow,NA
2017-07-06T00:00:00Z,WC,57,WC57,DAFR,100,20,5,20,10,NA,NA,nonwillow,NA
2017-07-06T00:00:00Z,WC,57,WC57,DAFR,100,20,10,30,25,NA,NA,nonwillow,NA
2017-07-06T00:00:00Z,WC,57,WC57,DAFR,100,20,5,10,10,NA,NA,nonwillow,NA
2017-07-06T00:00:00Z,WC,57,WC57,DAFR,100,5,5,10,10,NA,NA,nonwillow,NA
2017-07-06T00:00:00Z,WC,57,WC57,DAFR,100,40,30,35,30,NA,NA,nonwillow,NA
2017-07-06T00:00:00Z,WC,57,WC57,DAFR,100,15,5,25,20,NA,NA,nonwillow,NA
2017-07-06T00:00:00Z,WC,57,WC57,DAFR,100,45,20,40,30,NA,NA,nonwillow,NA
2017-07-06T00:00:00Z,WC,57,WC57,DAFR,100,20,10,30,25,NA,NA,nonwillow,NA
2017-07-06T00:00:00Z,WC,57,WC57,DAFR,100,20,5,30,25,NA,NA,nonwillow,NA
2017-07-06T00:00:00Z,WC,57,WC57,DAFR,100,15,10,20,15,NA,NA,nonwillow,NA
2017-07-06T00:00:00Z,WC,57,WC57,DAFR,100,10,5,20,10,NA,NA,nonwillow,NA
2017-07-06T00:00:00Z,WC,57,WC57,DAFR,100,5,5,20,15,NA,NA,nonwillow,NA
2017-07-06T00:00:00Z,WC,57,WC57,DAFR,100,30,30,30,25,NA,NA,nonwillow,NA
2017-07-06T00:00:00Z,WC,57,WC57,DAFR,100,20,10,30,25,NA,NA,nonwillow,NA
2017-07-06T00:00:00Z,WC,57,WC57,SALE,100,30,25,30,15,NA,NA,willow,NA
2017-07-06T00:00:00Z,WC,57,WC57,SAMO,95,50,25,60,45,S,4,willow,NA
2017-07-06T00:00:00Z,WC,57,WC57,SAWO,100,15,5,20,10,E,1,willow,NA
2017-07-06T00:00:00Z,WC,57,WC57,SAWO,100,5,5,15,5,E,1,willow,NA
2017-07-06T00:00:00Z,WC,57,WC57,SAWO,90,15,5,20,5,E,1,willow,NA
2017-07-06T00:00:00Z,WC,57,WC57,SAWO,100,5,5,10,5,E,1,willow,NA
2017-07-06T00:00:00Z,WC,57,WC57,SAWO,100,5,5,10,10,E,1,willow,NA
2017-07-06T00:00:00Z,WC,57,WC57,SAWO,100,10,5,20,10,E,1,willow,NA
2017-07-06T00:00:00Z,WC,57,WC57,SAWO,100,10,5,15,5,E,1,willow,NA
2017-07-06T00:00:00Z,WC,57,WC57,SAWO,100,5,5,20,10,E,1,willow,NA
2017-07-06T00:00:00Z,WC,57,WC57,SAWO,100,40,30,25,5,E,16,willow,NA
2017-07-06T00:00:00Z,WC,57,WC57,SAWO,80,105,60,25,10,NA,NA,willow,NA
2017-07-06T00:00:00Z,WC,57,WC57,SAWO,100,55,30,35,20,NA,NA,willow,NA
2017-07-06T00:00:00Z,WC,57,WC57,SAWO,100,30,15,25,10,NA,NA,willow,NA
2017-07-06T00:00:00Z,WC,57,WC57,SAWO,100,25,15,30,15,NA,NA,willow,NA
2017-07-06T00:00:00Z,WC,57,WC57,SAWO,100,10,5,5,5,NA,NA,willow,NA
2017-07-06T00:00:00Z,WC,57,WC57,SAWO,100,10,5,20,10,NA,NA,willow,NA
2017-07-06T00:00:00Z,WC,57,WC57,SAWO,100,20,5,30,30,NA,NA,willow,NA
2017-07-14T00:00:00Z,WC,62,WC62,ROWO,30,20,15,30,30,S,1,nonwillow,NA
2017-07-14T00:00:00Z,WC,62,WC62,ROWO,40,20,10,15,15,S,1,nonwillow,NA
2017-07-14T00:00:00Z,WC,62,WC62,ROWO,10,15,15,25,15,S,1,nonwillow,NA
2017-07-14T00:00:00Z,WC,62,WC62,ROWO,100,20,10,15,15,S,1,nonwillow,NA
2017-07-14T00:00:00Z,WC,62,WC62,ROWO,100,20,15,25,25,S,2,nonwillow,NA
2017-07-14T00:00:00Z,WC,62,WC62,ROWO,100,15,5,20,20,NA,NA,nonwillow,NA
2017-07-14T00:00:00Z,WC,62,WC62,ROWO,100,25,10,25,10,NA,NA,nonwillow,NA
2017-07-14T00:00:00Z,WC,62,WC62,ROWO,100,10,5,20,20,NA,NA,nonwillow,NA
2017-07-14T00:00:00Z,WC,62,WC62,ROWO,40,20,20,30,25,NA,NA,nonwillow,NA
2017-07-14T00:00:00Z,WC,62,WC62,ROWO,100,40,30,35,30,NA,NA,nonwillow,NA
2017-07-14T00:00:00Z,WC,62,WC62,ROWO,100,65,50,45,35,NA,NA,nonwillow,NA
2017-07-14T00:00:00Z,WC,62,WC62,ROWO,100,40,35,85,75,NA,NA,nonwillow,NA
2017-07-14T00:00:00Z,WC,62,WC62,ROWO,100,25,25,50,50,NA,NA,nonwillow,NA
2017-07-14T00:00:00Z,WC,62,WC62,ROWO,100,25,25,60,50,E,1,nonwillow,NA
2017-07-14T00:00:00Z,WC,62,WC62,ROWO,100,35,25,75,70,E,1,nonwillow,NA
2017-07-14T00:00:00Z,WC,62,WC62,ROWO,100,30,15,25,10,NA,NA,nonwillow,NA
2017-07-14T00:00:00Z,WC,62,WC62,ROWO,100,25,15,25,25,NA,NA,nonwillow,NA
2017-07-14T00:00:00Z,WC,62,WC62,ROWO,100,15,5,20,20,NA,NA,nonwillow,NA
2017-07-14T00:00:00Z,WC,62,WC62,ROWO,100,15,10,20,20,NA,NA,nonwillow,NA
2017-07-14T00:00:00Z,WC,62,WC62,ROWO,100,25,10,25,25,NA,NA,nonwillow,NA
2017-07-14T00:00:00Z,WC,62,WC62,ROWO,100,25,15,55,45,NA,NA,nonwillow,NA
2017-07-14T00:00:00Z,WC,62,WC62,ROWO,100,40,30,40,25,NA,NA,nonwillow,NA
2017-07-14T00:00:00Z,WC,62,WC62,ROWO,100,30,20,45,40,NA,NA,nonwillow,NA
2017-07-14T00:00:00Z,WC,62,WC62,ROWO,90,30,25,70,60,E,1,nonwillow,NA
2017-07-14T00:00:00Z,WC,62,WC62,ROWO,70,35,25,45,30,E,1,nonwillow,NA
2017-07-14T00:00:00Z,WC,62,WC62,ROWO,100,30,20,60,55,NA,NA,nonwillow,NA
2017-07-14T00:00:00Z,WC,62,WC62,ROWO,95,35,25,55,55,NA,NA,nonwillow,NA
2017-07-14T00:00:00Z,WC,62,WC62,ROWO,100,45,35,40,35,NA,NA,nonwillow,NA
2017-07-14T00:00:00Z,WC,62,WC62,ROWO,100,35,25,30,25,NA,NA,nonwillow,NA
2017-07-14T00:00:00Z,WC,62,WC62,ROWO,100,20,15,25,25,NA,NA,nonwillow,NA
2017-07-14T00:00:00Z,WC,62,WC62,ROWO,100,80,40,75,70,W,1,nonwillow,NA
2017-07-14T00:00:00Z,WC,62,WC62,ROWO,35,60,25,60,55,W,1,nonwillow,NA
2017-07-14T00:00:00Z,WC,62,WC62,ROWO,80,25,20,50,50,W,1,nonwillow,NA
2017-07-14T00:00:00Z,WC,62,WC62,ROWO,100,55,40,60,50,NA,NA,nonwillow,NA
2017-07-14T00:00:00Z,WC,62,WC62,ROWO,90,70,30,80,75,NA,NA,nonwillow,NA
2017-07-14T00:00:00Z,WC,62,WC62,ROWO,100,30,15,85,60,NA,NA,nonwillow,NA
2017-07-14T00:00:00Z,WC,62,WC62,ROWO,100,90,45,100,90,NA,NA,nonwillow,NA
2017-07-14T00:00:00Z,WC,62,WC62,ROWO,100,25,20,55,55,NA,NA,nonwillow,NA
2017-07-14T00:00:00Z,WC,62,WC62,ROWO,100,30,25,65,60,NA,NA,nonwillow,NA
2017-07-14T00:00:00Z,WC,62,WC62,ROWO,100,15,5,15,15,NA,NA,nonwillow,NA
2017-07-14T00:00:00Z,WC,62,WC62,ROWO,100,40,20,55,45,NA,NA,nonwillow,NA
2017-07-14T00:00:00Z,WC,62,WC62,ROWO,100,50,30,40,40,NA,NA,nonwillow,NA
2017-07-14T00:00:00Z,WC,62,WC62,ROWO,100,20,20,25,25,NA,NA,nonwillow,NA
2017-07-14T00:00:00Z,WC,62,WC62,ROWO,100,35,20,35,35,NA,NA,nonwillow,NA
2017-07-14T00:00:00Z,WC,62,WC62,ROWO,100,20,10,25,15,NA,NA,nonwillow,NA
2017-07-14T00:00:00Z,WC,62,WC62,ROWO,100,20,15,25,20,NA,NA,nonwillow,NA
2017-07-14T00:00:00Z,WC,62,WC62,ROWO,100,20,10,25,25,NA,NA,nonwillow,NA
2017-07-14T00:00:00Z,WC,62,WC62,ROWO,100,30,20,40,30,NA,NA,nonwillow,NA
2017-07-14T00:00:00Z,WC,62,WC62,ROWO,100,20,10,45,35,NA,NA,nonwillow,NA
2017-07-14T00:00:00Z,WC,62,WC62,ROWO,100,20,10,35,35,NA,NA,nonwillow,NA
2017-07-14T00:00:00Z,WC,62,WC62,ROWO,100,60,25,35,30,NA,NA,nonwillow,NA
2017-07-14T00:00:00Z,WC,62,WC62,ROWO,100,25,15,55,45,NA,NA,nonwillow,NA
2017-07-14T00:00:00Z,WC,62,WC62,ROWO,100,25,20,40,30,NA,NA,nonwillow,NA
2017-07-14T00:00:00Z,WC,62,WC62,ROWO,100,15,5,25,25,NA,NA,nonwillow,NA
2017-07-14T00:00:00Z,WC,62,WC62,SAMO,1,75,60,220,210,S,1,willow,NA
2017-07-14T00:00:00Z,WC,62,WC62,SAMO,15,455,390,310,300,E,9,willow,NA
2017-07-14T00:00:00Z,WC,62,WC62,SAMO,100,665,610,335,325,NA,NA,willow,NA
2017-07-28T00:00:00Z,WC,64,WC64,DAFR,80,35,20,55,45,NA,NA,nonwillow,NA
2017-07-28T00:00:00Z,WC,64,WC64,DAFR,90,70,20,45,40,N,8,nonwillow,NA
2017-07-28T00:00:00Z,WC,64,WC64,DAFR,5,40,30,40,40,N,1,nonwillow,NA
2017-07-28T00:00:00Z,WC,64,WC64,DAFR,100,15,15,20,10,N,3,nonwillow,NA
2017-07-28T00:00:00Z,WC,64,WC64,DAFR,100,60,25,45,40,N,5,nonwillow,NA
2017-07-28T00:00:00Z,WC,64,WC64,DAFR,100,30,25,45,40,NA,NA,nonwillow,NA
2017-07-28T00:00:00Z,WC,64,WC64,DAFR,100,30,15,25,10,NA,NA,nonwillow,NA
2017-07-28T00:00:00Z,WC,64,WC64,DAFR,100,35,30,20,20,E,5,nonwillow,NA
2017-07-28T00:00:00Z,WC,64,WC64,DAFR,95,25,10,40,30,E,1,nonwillow,NA
2017-07-28T00:00:00Z,WC,64,WC64,DAFR,100,35,25,50,45,NA,NA,nonwillow,NA
2017-07-28T00:00:00Z,WC,64,WC64,DAFR,100,30,20,30,30,NA,NA,nonwillow,NA
2017-07-28T00:00:00Z,WC,64,WC64,DAFR,5,50,30,45,30,NA,NA,nonwillow,NA
2017-07-28T00:00:00Z,WC,64,WC64,DAFR,30,85,35,75,70,NA,NA,nonwillow,NA
2017-07-28T00:00:00Z,WC,64,WC64,DAFR,100,50,10,50,25,NA,NA,nonwillow,NA
2017-07-28T00:00:00Z,WC,64,WC64,DAFR,100,50,45,50,50,W,7,nonwillow,NA
2017-07-28T00:00:00Z,WC,64,WC64,DAFR,100,80,30,60,55,W,5,nonwillow,NA
2017-07-28T00:00:00Z,WC,64,WC64,DAFR,60,45,35,35,30,W,5,nonwillow,NA
2017-07-28T00:00:00Z,WC,64,WC64,DAFR,100,45,30,45,40,NA,NA,nonwillow,NA
2017-07-28T00:00:00Z,WC,64,WC64,DAFR,5,50,30,45,40,NA,NA,nonwillow,NA
2017-07-28T00:00:00Z,WC,64,WC64,DAFR,90,35,20,40,35,NA,NA,nonwillow,NA
2017-07-28T00:00:00Z,WC,64,WC64,DAFR,100,115,85,85,80,NA,NA,nonwillow,NA
2017-07-28T00:00:00Z,WC,64,WC64,DAFR,100,15,10,45,40,NA,NA,nonwillow,NA
2017-07-28T00:00:00Z,WC,64,WC64,DAFR,100,90,20,30,25,NA,NA,nonwillow,NA
2017-07-28T00:00:00Z,WC,64,WC64,DAFR,100,55,45,30,25,NA,NA,nonwillow,NA
2017-07-28T00:00:00Z,WC,64,WC64,ROWO,100,15,5,20,10,N,2,nonwillow,NA
2017-07-28T00:00:00Z,WC,64,WC64,SAGE,95,360,345,200,185,W,6,willow,NA
2017-07-28T00:00:00Z,WC,64,WC64,SAMO,40,340,210,185,155,"N,E","4,3",willow,NA
2017-07-28T00:00:00Z,WC,64,WC64,SAMO,95,190,135,130,110,E,8,willow,NA
2017-07-28T00:00:00Z,WC,64,WC64,SAMO,40,45,30,60,45,NA,NA,willow,NA
2017-07-28T00:00:00Z,WC,64,WC64,SAMO,35,190,70,145,125,NA,NA,willow,NA
2017-07-28T00:00:00Z,WC,64,WC64,SAPL,30,190,45,130,100,S,7,willow,NA
2017-07-28T00:00:00Z,WC,64,WC64,SAPL,90,145,110,160,145,S,13,willow,NA
2017-07-28T00:00:00Z,WC,64,WC64,SAPL,100,75,35,120,90,NA,NA,willow,NA
2017-07-28T00:00:00Z,WC,64,WC64,SAPL,70,100,65,145,120,NA,NA,willow,NA
2017-07-28T00:00:00Z,WC,64,WC64,SAPL,100,95,55,130,115,NA,NA,willow,NA
2017-07-28T00:00:00Z,WC,64,WC64,SAPL,85,95,75,120,90,NA,NA,willow,NA
2017-07-28T00:00:00Z,WC,64,WC64,SAPL,100,85,80,155,135,NA,NA,willow,NA
2017-07-28T00:00:00Z,WC,64,WC64,SAPL,100,90,85,140,125,NA,NA,willow,NA
2017-07-28T00:00:00Z,WC,64,WC64,SAPL,100,85,50,130,115,NA,NA,willow,NA
2017-07-28T00:00:00Z,WC,64,WC64,SAPL,100,175,135,165,150,NA,NA,willow,NA
2017-07-28T00:00:00Z,WC,64,WC64,SAPL,100,130,70,160,145,NA,NA,willow,NA
2017-07-28T00:00:00Z,WC,64,WC64,SAPL,100,160,105,115,110,NA,NA,willow,NA
2017-07-13T00:00:00Z,WC,65,WC65,DAFR,100,40,15,45,40,W,3,nonwillow,NA
2017-07-13T00:00:00Z,WC,65,WC65,DAFR,100,55,15,45,40,W,1,nonwillow,NA
2017-07-13T00:00:00Z,WC,65,WC65,DAFR,100,60,25,40,30,NA,NA,nonwillow,NA
2017-07-13T00:00:00Z,WC,65,WC65,DAFR,70,55,40,60,55,NA,NA,nonwillow,NA
2017-07-13T00:00:00Z,WC,65,WC65,DAFR,75,80,55,50,45,NA,NA,nonwillow,NA
2017-07-13T00:00:00Z,WC,65,WC65,DAFR,70,65,50,50,50,E,7,nonwillow,NA
2017-07-13T00:00:00Z,WC,65,WC65,DAFR,70,70,40,60,55,NA,NA,nonwillow,NA
2017-07-13T00:00:00Z,WC,65,WC65,DAFR,100,35,25,60,50,NA,NA,nonwillow,NA
2017-07-13T00:00:00Z,WC,65,WC65,DAFR,5,35,15,25,25,NA,NA,nonwillow,NA
2017-07-13T00:00:00Z,WC,65,WC65,DAFR,100,30,15,40,30,NA,NA,nonwillow,NA
2017-07-13T00:00:00Z,WC,65,WC65,DAFR,5,105,85,75,70,N,1,nonwillow,NA
2017-07-13T00:00:00Z,WC,65,WC65,DAFR,100,40,20,55,50,NA,NA,nonwillow,NA
2017-07-13T00:00:00Z,WC,65,WC65,SAMO,85,325,175,145,115,NA,NA,willow,NA
2017-07-13T00:00:00Z,WC,65,WC65,SAMO,90,220,85,90,75,E,2,willow,NA
2017-07-13T00:00:00Z,WC,65,WC65,SAMO,95,150,145,115,85,N,27,willow,NA
2017-07-13T00:00:00Z,WC,65,WC65,SAMO,100,185,100,170,150,NA,NA,willow,NA
2017-07-13T00:00:00Z,WC,65,WC65,SAMO,95,255,160,155,130,NA,NA,willow,NA
2017-07-13T00:00:00Z,WC,65,WC65,SAPL,100,115,85,80,65,W,4,willow,NA
2017-07-13T00:00:00Z,WC,65,WC65,SAPL,100,115,60,105,90,NA,NA,willow,NA
2017-07-13T00:00:00Z,WC,65,WC65,SAWO,100,120,100,85,70,NA,NA,willow,NA
2017-07-13T00:00:00Z,WC,66,WC66,DAFR,100,0,35,50,40,NA,NA,nonwillow,NA
2017-07-13T00:00:00Z,WC,66,WC66,DAFR,100,30,30,45,40,NA,NA,nonwillow,NA
2017-07-13T00:00:00Z,WC,66,WC66,DAFR,100,30,10,60,45,W,1,nonwillow,NA
2017-07-13T00:00:00Z,WC,66,WC66,DAFR,5,180,110,85,75,W,3,nonwillow,NA
2017-07-13T00:00:00Z,WC,66,WC66,DAFR,75,65,40,40,35,E,9,nonwillow,NA
2017-07-13T00:00:00Z,WC,66,WC66,DAFR,100,60,40,55,30,NA,NA,nonwillow,NA
2017-07-13T00:00:00Z,WC,66,WC66,DAFR,100,25,20,35,30,NA,NA,nonwillow,NA
2017-07-13T00:00:00Z,WC,66,WC66,DAFR,100,10,5,20,20,NA,NA,nonwillow,NA
2017-07-13T00:00:00Z,WC,66,WC66,SAMO,90,410,380,245,230,"W, S","4, 9",willow,NA
2017-07-13T00:00:00Z,WC,66,WC66,SAPL,60,400,385,210,200,"E, N","4, 4",willow,NA
2017-07-13T00:00:00Z,WC,67,WC67,DAFR,50,105,60,70,60,NA,NA,nonwillow,NA
2017-07-13T00:00:00Z,WC,67,WC67,DAFR,10,20,10,40,40,NA,NA,nonwillow,NA
2017-07-13T00:00:00Z,WC,67,WC67,DAFR,100,40,15,25,20,S,1,nonwillow,NA
2017-07-13T00:00:00Z,WC,67,WC67,DAFR,5,35,30,45,40,NA,NA,nonwillow,NA
2017-07-13T00:00:00Z,WC,67,WC67,DAFR,100,45,15,45,40,NA,NA,nonwillow,NA
2017-07-13T00:00:00Z,WC,67,WC67,DAFR,100,55,20,40,35,N,4,nonwillow,NA
2017-07-13T00:00:00Z,WC,67,WC67,DAFR,100,35,10,45,30,N,2,nonwillow,NA
2017-07-13T00:00:00Z,WC,67,WC67,DAFR,5,40,20,65,55,N,1,nonwillow,NA
2017-07-13T00:00:00Z,WC,67,WC67,DAFR,100,15,15,40,30,NA,NA,nonwillow,NA
2017-07-13T00:00:00Z,WC,67,WC67,DAFR,100,75,70,75,70,NA,NA,nonwillow,NA
2017-07-13T00:00:00Z,WC,67,WC67,DAFR,100,15,15,30,25,NA,NA,nonwillow,NA
2017-07-13T00:00:00Z,WC,67,WC67,DAFR,100,10,10,35,30,NA,NA,nonwillow,NA
2017-07-13T00:00:00Z,WC,67,WC67,SAPL,1,330,215,175,160,S,1,willow,NA
2017-07-13T00:00:00Z,WC,67,WC67,SAPL,15,315,280,215,185,E,1,willow,NA
2017-07-13T00:00:00Z,WC,67,WC67,SAPL,5,265,200,230,225,N,2,willow,NA
2017-07-06T00:00:00Z,WC,68,WC68,BEGL,100,5,5,5,5,NA,NA,nonwillow,NA
2017-07-06T00:00:00Z,WC,68,WC68,BEOC,5,670,470,575,570,E,2,nonwillow,NA
2017-07-06T00:00:00Z,WC,68,WC68,BEOC,100,80,50,115,100,NA,NA,nonwillow,NA
2017-07-06T00:00:00Z,WC,68,WC68,BEOC,100,30,30,80,70,NA,NA,nonwillow,NA
2017-07-06T00:00:00Z,WC,68,WC68,ROWO,100,10,5,25,25,N,1,nonwillow,NA
2017-07-06T00:00:00Z,WC,68,WC68,ROWO,5,30,20,35,15,W,1,nonwillow,NA
2017-07-06T00:00:00Z,WC,68,WC68,ROWO,100,30,15,35,15,W,2,nonwillow,NA
2017-07-06T00:00:00Z,WC,68,WC68,ROWO,100,15,15,25,15,NA,NA,nonwillow,NA
2017-07-06T00:00:00Z,WC,68,WC68,ROWO,100,10,10,25,10,NA,NA,nonwillow,NA
2017-07-06T00:00:00Z,WC,68,WC68,ROWO,100,10,10,15,10,NA,NA,nonwillow,NA
2017-07-06T00:00:00Z,WC,68,WC68,ROWO,100,25,20,30,20,NA,NA,nonwillow,NA
2017-07-06T00:00:00Z,WC,68,WC68,ROWO,100,5,5,15,5,N,1,nonwillow,NA
2017-07-06T00:00:00Z,WC,68,WC68,ROWO,100,10,5,25,10,N,1,nonwillow,NA
2017-07-06T00:00:00Z,WC,68,WC68,ROWO,100,10,5,25,25,N,1,nonwillow,NA
2017-07-06T00:00:00Z,WC,68,WC68,ROWO,100,20,10,45,35,NA,NA,nonwillow,NA
2017-07-06T00:00:00Z,WC,68,WC68,ROWO,100,10,5,20,10,NA,NA,nonwillow,NA
2017-07-06T00:00:00Z,WC,68,WC68,ROWO,100,10,5,10,5,NA,NA,nonwillow,NA
2017-07-06T00:00:00Z,WC,68,WC68,ROWO,100,30,20,45,30,NA,NA,nonwillow,NA
2017-07-06T00:00:00Z,WC,68,WC68,ROWO,100,10,10,20,5,NA,NA,nonwillow,NA
2017-07-06T00:00:00Z,WC,68,WC68,ROWO,5,20,15,45,25,NA,NA,nonwillow,NA
2017-07-06T00:00:00Z,WC,68,WC68,ROWO,90,10,5,30,30,NA,NA,nonwillow,NA
2017-07-06T00:00:00Z,WC,68,WC68,ROWO,100,15,10,35,5,NA,NA,nonwillow,NA
2017-07-06T00:00:00Z,WC,68,WC68,ROWO,5,30,30,55,40,NA,NA,nonwillow,NA
2017-07-06T00:00:00Z,WC,68,WC68,ROWO,5,35,20,35,20,E,2,nonwillow,NA
2017-07-06T00:00:00Z,WC,68,WC68,ROWO,100,25,20,30,15,E,1,nonwillow,NA
2017-07-06T00:00:00Z,WC,68,WC68,ROWO,100,25,15,45,30,E,1,nonwillow,NA
2017-07-06T00:00:00Z,WC,68,WC68,ROWO,100,5,5,20,5,NA,NA,nonwillow,NA
2017-07-06T00:00:00Z,WC,68,WC68,ROWO,50,15,10,20,15,NA,NA,nonwillow,NA
2017-07-06T00:00:00Z,WC,68,WC68,ROWO,100,10,10,15,15,NA,NA,nonwillow,NA
2017-07-06T00:00:00Z,WC,68,WC68,ROWO,100,10,5,20,5,NA,NA,nonwillow,NA
2017-07-06T00:00:00Z,WC,68,WC68,ROWO,100,10,5,20,5,NA,NA,nonwillow,NA
2017-07-06T00:00:00Z,WC,68,WC68,ROWO,100,15,10,30,10,NA,NA,nonwillow,NA
2017-07-06T00:00:00Z,WC,68,WC68,ROWO,100,10,5,15,5,NA,NA,nonwillow,NA
2017-07-06T00:00:00Z,WC,68,WC68,ROWO,100,15,10,25,10,NA,NA,nonwillow,NA
2017-07-06T00:00:00Z,WC,68,WC68,ROWO,95,55,30,35,20,NA,NA,nonwillow,NA
2017-07-06T00:00:00Z,WC,68,WC68,ROWO,100,10,5,25,5,NA,NA,nonwillow,NA
2017-07-06T00:00:00Z,WC,68,WC68,ROWO,100,15,10,25,15,S,1,nonwillow,NA
2017-07-06T00:00:00Z,WC,68,WC68,ROWO,25,20,10,15,15,S,1,nonwillow,NA
2017-07-06T00:00:00Z,WC,68,WC68,ROWO,95,30,20,40,35,S,3,nonwillow,NA
2017-07-06T00:00:00Z,WC,68,WC68,ROWO,100,25,20,30,20,S,2,nonwillow,NA
2017-07-06T00:00:00Z,WC,68,WC68,ROWO,100,25,15,25,5,S,2,nonwillow,NA
2017-07-06T00:00:00Z,WC,68,WC68,ROWO,100,15,10,25,5,NA,NA,nonwillow,NA
2017-07-06T00:00:00Z,WC,68,WC68,ROWO,100,15,15,30,10,NA,NA,nonwillow,NA
2017-07-06T00:00:00Z,WC,68,WC68,ROWO,100,10,10,15,10,NA,NA,nonwillow,NA
2017-07-06T00:00:00Z,WC,68,WC68,ROWO,100,10,5,25,25,NA,NA,nonwillow,NA
2017-07-06T00:00:00Z,WC,68,WC68,ROWO,100,20,20,25,15,NA,NA,nonwillow,NA
2017-07-06T00:00:00Z,WC,68,WC68,ROWO,100,10,5,20,20,NA,NA,nonwillow,NA
2017-07-06T00:00:00Z,WC,68,WC68,ROWO,100,15,15,35,10,NA,NA,nonwillow,NA
2017-07-06T00:00:00Z,WC,68,WC68,ROWO,100,15,10,25,15,NA,NA,nonwillow,NA
2017-07-06T00:00:00Z,WC,68,WC68,ROWO,100,15,1,40,30,NA,NA,nonwillow,NA
2017-07-06T00:00:00Z,WC,68,WC68,ROWO,100,10,10,35,20,NA,NA,nonwillow,NA
2017-07-06T00:00:00Z,WC,68,WC68,ROWO,100,20,15,30,15,NA,NA,nonwillow,NA
2017-07-06T00:00:00Z,WC,68,WC68,ROWO,100,30,15,30,10,NA,NA,nonwillow,NA
2017-07-06T00:00:00Z,WC,68,WC68,ROWO,100,15,15,20,15,NA,NA,nonwillow,NA
2017-07-06T00:00:00Z,WC,68,WC68,ROWO,100,25,20,35,20,NA,NA,nonwillow,NA
2017-07-06T00:00:00Z,WC,68,WC68,ROWO,100,20,15,30,10,NA,NA,nonwillow,NA
2017-07-06T00:00:00Z,WC,68,WC68,ROWO,100,15,10,20,5,NA,NA,nonwillow,NA
2017-07-06T00:00:00Z,WC,68,WC68,ROWO,5,30,20,30,20,NA,NA,nonwillow,NA
2017-07-06T00:00:00Z,WC,68,WC68,ROWO,100,10,10,15,15,NA,NA,nonwillow,NA
2017-07-06T00:00:00Z,WC,68,WC68,ROWO,100,20,20,35,20,NA,NA,nonwillow,NA
2017-07-06T00:00:00Z,WC,68,WC68,ROWO,100,15,10,25,15,NA,NA,nonwillow,NA
2017-07-06T00:00:00Z,WC,68,WC68,ROWO,100,25,20,25,5,NA,NA,nonwillow,NA
2017-07-06T00:00:00Z,WC,68,WC68,ROWO,100,10,5,15,5,NA,NA,nonwillow,NA
2017-07-06T00:00:00Z,WC,68,WC68,ROWO,100,5,5,30,5,NA,NA,nonwillow,NA
2017-07-06T00:00:00Z,WC,68,WC68,ROWO,100,20,15,30,5,NA,NA,nonwillow,NA
2017-07-06T00:00:00Z,WC,68,WC68,ROWO,100,20,10,45,25,NA,NA,nonwillow,NA
2017-07-06T00:00:00Z,WC,68,WC68,ROWO,100,15,15,50,20,NA,NA,nonwillow,NA
2017-07-06T00:00:00Z,WC,68,WC68,ROWO,100,15,5,35,10,NA,NA,nonwillow,NA
2017-07-06T00:00:00Z,WC,68,WC68,ROWO,100,50,50,65,60,NA,NA,nonwillow,NA
2017-07-06T00:00:00Z,WC,68,WC68,ROWO,100,25,25,65,60,NA,NA,nonwillow,NA
2017-07-06T00:00:00Z,WC,68,WC68,ROWO,100,20,10,25,10,NA,NA,nonwillow,NA
2017-07-06T00:00:00Z,WC,68,WC68,ROWO,100,25,15,40,30,NA,NA,nonwillow,NA
2017-07-06T00:00:00Z,WC,68,WC68,ROWO,100,15,10,25,20,NA,NA,nonwillow,NA
2017-07-06T00:00:00Z,WC,68,WC68,ROWO,100,55,35,55,50,NA,NA,nonwillow,NA
2017-07-06T00:00:00Z,WC,68,WC68,ROWO,100,25,15,25,15,NA,NA,nonwillow,NA
2017-07-06T00:00:00Z,WC,68,WC68,ROWO,100,10,5,10,5,NA,NA,nonwillow,NA
2017-07-06T00:00:00Z,WC,68,WC68,ROWO,100,15,10,10,5,NA,NA,nonwillow,NA
2017-07-06T00:00:00Z,WC,68,WC68,ROWO,100,15,10,20,20,NA,NA,nonwillow,NA
2017-07-06T00:00:00Z,WC,68,WC68,ROWO,100,30,20,20,15,NA,NA,nonwillow,NA
2017-07-06T00:00:00Z,WC,68,WC68,ROWO,100,15,15,25,10,NA,NA,nonwillow,NA
2017-07-06T00:00:00Z,WC,68,WC68,ROWO,100,15,10,25,5,NA,NA,nonwillow,NA
2017-07-06T00:00:00Z,WC,68,WC68,ROWO,100,10,5,10,10,NA,NA,nonwillow,NA
2017-07-06T00:00:00Z,WC,68,WC68,ROWO,100,10,5,10,10,NA,NA,nonwillow,NA
2017-07-06T00:00:00Z,WC,68,WC68,ROWO,100,25,15,25,20,NA,NA,nonwillow,NA
2017-07-06T00:00:00Z,WC,68,WC68,ROWO,100,15,15,15,5,NA,NA,nonwillow,NA
2017-07-06T00:00:00Z,WC,68,WC68,SAMO,10,55,40,50,35,NA,NA,willow,NA
2017-07-06T00:00:00Z,WC,68,WC68,SAPL,100,30,15,75,70,NA,NA,willow,NA
2017-07-06T00:00:00Z,WC,68,WC68,SAPL,100,30,20,65,60,NA,NA,willow,NA
2017-07-06T00:00:00Z,WC,68,WC68,SAPL,100,65,40,85,60,NA,NA,willow,NA
2017-07-06T00:00:00Z,WC,68,WC68,SAPL,100,20,10,60,30,NA,NA,willow,NA
2017-07-07T00:00:00Z,WC,69,WC69,BEGL,100,140,120,110,90,S,10,nonwillow,NA
2017-07-07T00:00:00Z,WC,69,WC69,BEOC,30,20,10,40,35,NA,NA,nonwillow,NA
2017-07-07T00:00:00Z,WC,69,WC69,BEOC,100,45,25,75,70,NA,NA,nonwillow,NA
2017-07-07T00:00:00Z,WC,69,WC69,BEOC,100,20,15,45,40,NA,NA,nonwillow,NA
2017-07-07T00:00:00Z,WC,69,WC69,BEOC,100,75,55,175,155,NA,NA,nonwillow,NA
2017-07-07T00:00:00Z,WC,69,WC69,BEOC,85,95,55,90,75,NA,NA,nonwillow,NA
2017-07-07T00:00:00Z,WC,69,WC69,BEOC,95,85,40,80,65,NA,NA,nonwillow,NA
2017-07-07T00:00:00Z,WC,69,WC69,BEOC,10,80,55,85,80,NA,NA,nonwillow,NA
2017-07-07T00:00:00Z,WC,69,WC69,DAFR,95,40,20,35,30,S,3,nonwillow,NA
2017-07-07T00:00:00Z,WC,69,WC69,DAFR,100,160,120,90,80,S,11,nonwillow,NA
2017-07-07T00:00:00Z,WC,69,WC69,DAFR,30,30,20,25,25,S,4,nonwillow,NA
2017-07-07T00:00:00Z,WC,69,WC69,DAFR,100,25,20,45,40,NA,NA,nonwillow,NA
2017-07-07T00:00:00Z,WC,69,WC69,DAFR,100,15,10,25,20,NA,NA,nonwillow,NA
2017-07-07T00:00:00Z,WC,69,WC69,DAFR,100,95,45,75,70,NA,NA,nonwillow,NA
2017-07-07T00:00:00Z,WC,69,WC69,DAFR,100,25,20,15,15,NA,NA,nonwillow,NA
2017-07-07T00:00:00Z,WC,69,WC69,DAFR,90,60,40,80,70,NA,NA,nonwillow,NA
2017-07-07T00:00:00Z,WC,69,WC69,DAFR,100,40,20,80,75,NA,NA,nonwillow,NA
2017-07-07T00:00:00Z,WC,69,WC69,DAFR,90,155,115,110,105,N,12,nonwillow,NA
2017-07-07T00:00:00Z,WC,69,WC69,DAFR,5,160,45,130,125,NA,NA,nonwillow,NA
2017-07-07T00:00:00Z,WC,69,WC69,DAFR,20,90,5,80,80,E,3,nonwillow,NA
2017-07-07T00:00:00Z,WC,69,WC69,DAFR,100,10,5,20,15,NA,NA,nonwillow,NA
2017-07-07T00:00:00Z,WC,69,WC69,DAFR,100,65,30,55,50,NA,NA,nonwillow,NA
2017-07-07T00:00:00Z,WC,69,WC69,DAFR,50,35,15,45,40,NA,NA,nonwillow,NA
2017-07-07T00:00:00Z,WC,69,WC69,DAFR,5,55,25,30,25,S,1,nonwillow,NA
2017-07-07T00:00:00Z,WC,69,WC69,DAFR,100,20,5,25,25,NA,NA,nonwillow,NA
2017-07-07T00:00:00Z,WC,69,WC69,ROWO,100,15,10,20,10,NA,NA,nonwillow,NA
2017-07-07T00:00:00Z,WC,69,WC69,ROWO,100,20,5,30,20,NA,NA,nonwillow,NA
2017-07-07T00:00:00Z,WC,69,WC69,ROWO,100,30,10,30,25,NA,NA,nonwillow,NA
2017-07-07T00:00:00Z,WC,69,WC69,ROWO,100,15,10,30,25,NA,NA,nonwillow,NA
2017-07-07T00:00:00Z,WC,69,WC69,ROWO,100,20,20,60,50,NA,NA,nonwillow,NA
2017-07-07T00:00:00Z,WC,69,WC69,ROWO,100,25,15,75,70,NA,NA,nonwillow,NA
2017-07-07T00:00:00Z,WC,69,WC69,ROWO,100,15,10,50,50,NA,NA,nonwillow,NA
2017-07-07T00:00:00Z,WC,69,WC69,ROWO,100,20,10,85,80,NA,NA,nonwillow,NA
2017-07-07T00:00:00Z,WC,69,WC69,ROWO,100,25,20,50,45,NA,NA,nonwillow,NA
2017-07-07T00:00:00Z,WC,69,WC69,ROWO,30,40,25,90,80,NA,NA,nonwillow,NA
2017-07-07T00:00:00Z,WC,69,WC69,ROWO,100,35,25,65,60,W,1,nonwillow,NA
2017-07-07T00:00:00Z,WC,69,WC69,ROWO,100,15,10,35,25,W,1,nonwillow,NA
2017-07-07T00:00:00Z,WC,69,WC69,ROWO,100,10,5,20,20,W,1,nonwillow,NA
2017-07-07T00:00:00Z,WC,69,WC69,ROWO,100,15,5,30,20,NA,NA,nonwillow,NA
2017-07-07T00:00:00Z,WC,69,WC69,ROWO,100,20,15,65,65,NA,NA,nonwillow,NA
2017-07-07T00:00:00Z,WC,69,WC69,ROWO,100,20,15,70,60,NA,NA,nonwillow,NA
2017-07-07T00:00:00Z,WC,69,WC69,ROWO,100,30,15,100,95,NA,NA,nonwillow,NA
2017-07-07T00:00:00Z,WC,69,WC69,ROWO,100,25,15,90,85,NA,NA,nonwillow,NA
2017-07-07T00:00:00Z,WC,69,WC69,ROWO,100,25,10,40,40,NA,NA,nonwillow,NA
2017-07-07T00:00:00Z,WC,69,WC69,ROWO,100,30,20,40,40,NA,NA,nonwillow,NA
2017-07-07T00:00:00Z,WC,69,WC69,ROWO,100,25,20,45,35,NA,NA,nonwillow,NA
2017-07-07T00:00:00Z,WC,69,WC69,ROWO,100,10,5,20,10,NA,NA,nonwillow,NA
2017-07-07T00:00:00Z,WC,69,WC69,ROWO,100,25,20,35,25,NA,NA,nonwillow,NA
2017-07-07T00:00:00Z,WC,69,WC69,ROWO,100,30,25,80,65,N,1,nonwillow,NA
2017-07-07T00:00:00Z,WC,69,WC69,ROWO,100,30,30,75,55,NA,NA,nonwillow,NA
2017-07-07T00:00:00Z,WC,69,WC69,ROWO,100,25,15,45,30,NA,NA,nonwillow,NA
2017-07-07T00:00:00Z,WC,69,WC69,ROWO,100,20,10,40,30,NA,NA,nonwillow,NA
2017-07-07T00:00:00Z,WC,69,WC69,ROWO,100,25,15,70,65,NA,NA,nonwillow,NA
2017-07-07T00:00:00Z,WC,69,WC69,ROWO,100,25,15,30,25,NA,NA,nonwillow,NA
2017-07-07T00:00:00Z,WC,69,WC69,ROWO,100,30,20,65,65,NA,NA,nonwillow,NA
2017-07-07T00:00:00Z,WC,69,WC69,ROWO,25,10,40,35,30,E,2,nonwillow,NA
2017-07-07T00:00:00Z,WC,69,WC69,ROWO,100,25,15,50,45,NA,NA,nonwillow,NA
2017-07-07T00:00:00Z,WC,69,WC69,ROWO,100,20,20,40,35,NA,NA,nonwillow,NA
2017-07-07T00:00:00Z,WC,69,WC69,ROWO,100,10,5,25,25,NA,NA,nonwillow,NA
2017-07-07T00:00:00Z,WC,69,WC69,ROWO,100,15,5,25,25,NA,NA,nonwillow,NA
2017-07-07T00:00:00Z,WC,69,WC69,ROWO,100,20,10,30,20,NA,NA,nonwillow,NA
2017-07-07T00:00:00Z,WC,69,WC69,ROWO,100,25,20,40,40,NA,NA,nonwillow,NA
2017-07-07T00:00:00Z,WC,69,WC69,ROWO,100,10,5,30,15,NA,NA,nonwillow,NA
2017-07-07T00:00:00Z,WC,69,WC69,ROWO,100,20,20,50,35,NA,NA,nonwillow,NA
2017-07-07T00:00:00Z,WC,69,WC69,ROWO,100,20,20,45,35,NA,NA,nonwillow,NA
2017-07-07T00:00:00Z,WC,69,WC69,ROWO,100,15,15,40,25,NA,NA,nonwillow,NA
2017-07-07T00:00:00Z,WC,69,WC69,ROWO,100,20,10,30,25,NA,NA,nonwillow,NA
2017-07-07T00:00:00Z,WC,69,WC69,ROWO,10,15,10,30,30,NA,NA,nonwillow,NA
2017-07-07T00:00:00Z,WC,69,WC69,ROWO,100,20,20,35,20,S,1,nonwillow,NA
2017-07-07T00:00:00Z,WC,69,WC69,ROWO,100,15,15,35,35,S,1,nonwillow,NA
2017-07-07T00:00:00Z,WC,69,WC69,ROWO,100,20,15,50,45,S,1,nonwillow,NA
2017-07-07T00:00:00Z,WC,69,WC69,ROWO,100,20,10,35,30,NA,NA,nonwillow,NA
2017-07-07T00:00:00Z,WC,69,WC69,SABE,100,110,70,170,155,NA,NA,willow,NA
2017-07-07T00:00:00Z,WC,69,WC69,SABE,70,60,25,105,90,NA,NA,willow,NA
2017-07-07T00:00:00Z,WC,69,WC69,SABE,100,35,35,95,90,NA,NA,willow,NA
2017-07-07T00:00:00Z,WC,69,WC69,SABE,30,105,55,155,130,NA,NA,willow,NA
2017-07-07T00:00:00Z,WC,69,WC69,SADR,100,85,45,145,130,N,5,willow,NA
2017-07-07T00:00:00Z,WC,69,WC69,SAGE,100,50,35,85,80,NA,NA,willow,NA
2017-07-07T00:00:00Z,WC,69,WC69,SAGE,100,75,55,100,90,NA,NA,willow,NA
2017-07-07T00:00:00Z,WC,69,WC69,SAMO,85,320,275,300,290,W,17,willow,NA
2017-07-07T00:00:00Z,WC,69,WC69,SAMO,100,60,40,125,105,NA,NA,willow,NA
2017-07-07T00:00:00Z,WC,69,WC69,SAMO,100,35,30,75,65,NA,NA,willow,NA
2017-07-07T00:00:00Z,WC,69,WC69,SAMO,100,45,40,110,100,NA,NA,willow,NA
2017-07-07T00:00:00Z,WC,69,WC69,SAMO,20,65,50,135,115,N,1,willow,NA
2017-07-07T00:00:00Z,WC,69,WC69,SAMO,100,45,40,130,120,N,1,willow,NA
2017-07-07T00:00:00Z,WC,69,WC69,SAMO,100,60,40,155,140,N,1,willow,NA
2017-07-07T00:00:00Z,WC,69,WC69,SAMO,85,75,70,110,105,NA,NA,willow,NA
2017-07-07T00:00:00Z,WC,69,WC69,SAMO,100,80,70,95,95,NA,NA,willow,NA
2017-07-07T00:00:00Z,WC,69,WC69,SAMO,100,145,45,175,165,NA,NA,willow,NA
2017-07-07T00:00:00Z,WC,69,WC69,SAMO,30,130,130,230,180,E,3,willow,NA
2017-07-07T00:00:00Z,WC,69,WC69,SAMO,100,115,80,200,145,E,1,willow,NA
2017-07-07T00:00:00Z,WC,69,WC69,SAMO,60,30,25,80,60,NA,NA,willow,NA
2017-07-13T00:00:00Z,WC,70,WC70,RINN,100,10,5,30,30,E,2,nonwillow,NA
2017-07-13T00:00:00Z,WC,70,WC70,RINN,100,5,5,10,10,NA,NA,nonwillow,NA
2017-07-13T00:00:00Z,WC,70,WC70,RINN,100,5,5,5,5,NA,NA,nonwillow,NA
2017-07-13T00:00:00Z,WC,70,WC70,RINN,5,25,10,40,40,NA,NA,nonwillow,NA
2017-07-13T00:00:00Z,WC,70,WC70,RINN,100,5,5,5,5,NA,NA,nonwillow,NA
2017-07-13T00:00:00Z,WC,70,WC70,RINN,100,25,10,85,80,NA,NA,nonwillow,NA
2017-07-13T00:00:00Z,WC,70,WC70,RINN,95,35,10,40,35,N,2,nonwillow,NA
2017-07-13T00:00:00Z,WC,70,WC70,RINN,100,15,5,35,35,NA,NA,nonwillow,NA
2017-07-13T00:00:00Z,WC,70,WC70,RINN,100,60,5,80,70,NA,NA,nonwillow,NA
2017-07-13T00:00:00Z,WC,70,WC70,RINN,95,50,50,65,60,NA,NA,nonwillow,NA
2017-07-13T00:00:00Z,WC,70,WC70,RINN,100,55,40,75,65,NA,NA,nonwillow,NA
2017-07-13T00:00:00Z,WC,70,WC70,RINN,100,70,30,80,65,NA,NA,nonwillow,NA
2017-07-13T00:00:00Z,WC,70,WC70,RINN,100,45,20,30,30,E,3,nonwillow,NA
2017-07-13T00:00:00Z,WC,70,WC70,RINN,100,25,15,40,40,NA,NA,nonwillow,NA
2017-07-13T00:00:00Z,WC,70,WC70,RINN,100,15,5,30,30,NA,NA,nonwillow,NA
2017-07-13T00:00:00Z,WC,70,WC70,ROWO,5,20,15,15,10,NA,NA,nonwillow,NA
2017-07-13T00:00:00Z,WC,70,WC70,ROWO,100,15,15,40,20,E,2,nonwillow,NA
2017-07-13T00:00:00Z,WC,70,WC70,ROWO,100,35,10,45,40,E,3,nonwillow,NA
2017-07-13T00:00:00Z,WC,70,WC70,ROWO,100,20,15,55,50,E,1,nonwillow,NA
2017-07-13T00:00:00Z,WC,70,WC70,ROWO,100,25,20,70,60,NA,NA,nonwillow,NA
2017-07-13T00:00:00Z,WC,70,WC70,ROWO,100,10,5,45,40,NA,NA,nonwillow,NA
2017-07-13T00:00:00Z,WC,70,WC70,ROWO,100,30,10,70,65,NA,NA,nonwillow,NA
2017-07-13T00:00:00Z,WC,70,WC70,ROWO,100,30,10,65,55,NA,NA,nonwillow,NA
2017-07-13T00:00:00Z,WC,70,WC70,ROWO,100,15,5,55,45,NA,NA,nonwillow,NA
2017-07-13T00:00:00Z,WC,70,WC70,ROWO,100,10,10,40,40,NA,NA,nonwillow,NA
2017-07-13T00:00:00Z,WC,70,WC70,ROWO,30,40,40,75,70,NA,NA,nonwillow,NA
2017-07-13T00:00:00Z,WC,70,WC70,ROWO,100,15,10,30,25,NA,NA,nonwillow,NA
2017-07-13T00:00:00Z,WC,70,WC70,ROWO,95,50,45,100,90,NA,NA,nonwillow,NA
2017-07-13T00:00:00Z,WC,70,WC70,ROWO,100,10,5,45,40,NA,NA,nonwillow,NA
2017-07-13T00:00:00Z,WC,70,WC70,ROWO,100,25,15,60,55,NA,NA,nonwillow,NA
2017-07-13T00:00:00Z,WC,70,WC70,ROWO,100,5,5,30,30,NA,NA,nonwillow,NA
2017-07-13T00:00:00Z,WC,70,WC70,ROWO,100,5,5,25,25,NA,NA,nonwillow,NA
2017-07-13T00:00:00Z,WC,70,WC70,ROWO,100,20,10,40,20,NA,NA,nonwillow,NA
2017-07-13T00:00:00Z,WC,70,WC70,ROWO,100,45,30,100,90,NA,NA,nonwillow,NA
2017-07-13T00:00:00Z,WC,70,WC70,ROWO,100,40,35,80,75,NA,NA,nonwillow,NA
2017-07-13T00:00:00Z,WC,70,WC70,ROWO,95,35,30,105,95,NA,NA,nonwillow,NA
2017-07-13T00:00:00Z,WC,70,WC70,ROWO,95,40,30,105,95,NA,NA,nonwillow,NA
2017-07-13T00:00:00Z,WC,70,WC70,ROWO,100,35,35,80,65,NA,NA,nonwillow,NA
2017-07-13T00:00:00Z,WC,70,WC70,ROWO,100,5,5,10,10,NA,NA,nonwillow,NA
2017-07-13T00:00:00Z,WC,70,WC70,ROWO,100,20,20,85,85,NA,NA,nonwillow,NA
2017-07-13T00:00:00Z,WC,70,WC70,ROWO,50,30,30,75,65,NA,NA,nonwillow,NA
2017-07-13T00:00:00Z,WC,70,WC70,ROWO,100,70,40,90,85,NA,NA,nonwillow,NA
2017-07-13T00:00:00Z,WC,70,WC70,ROWO,100,25,15,75,65,NA,NA,nonwillow,NA
2017-07-13T00:00:00Z,WC,70,WC70,ROWO,5,20,10,45,25,NA,NA,nonwillow,NA
2017-07-13T00:00:00Z,WC,70,WC70,ROWO,100,35,25,60,50,N,3,nonwillow,NA
2017-07-13T00:00:00Z,WC,70,WC70,ROWO,100,55,40,105,95,NA,NA,nonwillow,NA
2017-07-13T00:00:00Z,WC,70,WC70,ROWO,100,30,20,55,50,N,2,nonwillow,NA
2017-07-13T00:00:00Z,WC,70,WC70,ROWO,20,60,35,25,20,N,1,nonwillow,NA
2017-07-13T00:00:00Z,WC,70,WC70,ROWO,95,30,20,60,60,N,2,nonwillow,NA
2017-07-13T00:00:00Z,WC,70,WC70,ROWO,95,70,50,90,90,N,3,nonwillow,NA
2017-07-13T00:00:00Z,WC,70,WC70,ROWO,100,10,5,50,40,NA,NA,nonwillow,NA
2017-07-13T00:00:00Z,WC,70,WC70,ROWO,95,60,50,105,80,NA,NA,nonwillow,NA
2017-07-13T00:00:00Z,WC,70,WC70,ROWO,100,20,5,35,35,NA,NA,nonwillow,NA
2017-07-13T00:00:00Z,WC,70,WC70,ROWO,100,15,5,30,30,NA,NA,nonwillow,NA
2017-07-13T00:00:00Z,WC,70,WC70,ROWO,50,60,55,120,120,NA,NA,nonwillow,NA
2017-07-13T00:00:00Z,WC,70,WC70,ROWO,100,25,10,35,35,NA,NA,nonwillow,NA
2017-07-13T00:00:00Z,WC,70,WC70,ROWO,100,15,10,45,40,NA,NA,nonwillow,NA
2017-07-13T00:00:00Z,WC,70,WC70,ROWO,100,20,10,40,30,NA,NA,nonwillow,NA
2017-07-13T00:00:00Z,WC,70,WC70,ROWO,100,25,5,30,25,NA,NA,nonwillow,NA
2017-07-13T00:00:00Z,WC,70,WC70,ROWO,100,10,5,30,25,NA,NA,nonwillow,NA
2017-07-13T00:00:00Z,WC,70,WC70,ROWO,100,10,10,15,15,NA,NA,nonwillow,NA
2017-07-13T00:00:00Z,WC,70,WC70,ROWO,100,10,5,10,5,NA,NA,nonwillow,NA
2017-07-13T00:00:00Z,WC,70,WC70,ROWO,100,20,10,55,45,NA,NA,nonwillow,NA
2017-07-13T00:00:00Z,WC,70,WC70,ROWO,100,15,15,30,25,NA,NA,nonwillow,NA
2017-07-13T00:00:00Z,WC,70,WC70,ROWO,100,25,5,30,20,NA,NA,nonwillow,NA
2017-07-13T00:00:00Z,WC,70,WC70,ROWO,100,20,20,25,20,NA,NA,nonwillow,NA
2017-07-13T00:00:00Z,WC,70,WC70,ROWO,100,35,30,50,35,NA,NA,nonwillow,NA
2017-07-13T00:00:00Z,WC,70,WC70,ROWO,100,35,30,45,30,NA,NA,nonwillow,NA
2017-07-13T00:00:00Z,WC,70,WC70,ROWO,100,10,10,30,15,W,1,nonwillow,NA
2017-07-13T00:00:00Z,WC,70,WC70,ROWO,50,50,35,60,50,W,3,nonwillow,NA
2017-07-13T00:00:00Z,WC,70,WC70,ROWO,100,15,10,25,25,W,1,nonwillow,NA
2017-07-13T00:00:00Z,WC,70,WC70,ROWO,100,35,35,45,25,W,3,nonwillow,NA
2017-07-13T00:00:00Z,WC,70,WC70,ROWO,75,70,60,60,50,W,3,nonwillow,NA
2017-07-13T00:00:00Z,WC,70,WC70,ROWO,100,45,35,65,50,W,3,nonwillow,NA
2017-07-13T00:00:00Z,WC,70,WC70,ROWO,20,10,10,35,30,NA,NA,nonwillow,NA
2017-07-13T00:00:00Z,WC,70,WC70,ROWO,100,20,10,30,20,NA,NA,nonwillow,NA
2017-07-13T00:00:00Z,WC,70,WC70,ROWO,100,15,10,50,50,NA,NA,nonwillow,NA
2017-07-13T00:00:00Z,WC,70,WC70,ROWO,50,55,30,60,40,NA,NA,nonwillow,NA
2017-07-13T00:00:00Z,WC,70,WC70,ROWO,100,35,15,55,35,NA,NA,nonwillow,NA
2017-07-13T00:00:00Z,WC,70,WC70,ROWO,100,15,10,35,20,NA,NA,nonwillow,NA
2017-07-13T00:00:00Z,WC,70,WC70,ROWO,100,10,10,40,40,NA,NA,nonwillow,NA
2017-07-13T00:00:00Z,WC,70,WC70,ROWO,100,30,10,20,15,NA,NA,nonwillow,NA
2017-07-13T00:00:00Z,WC,70,WC70,ROWO,100,35,20,45,35,NA,NA,nonwillow,NA
2017-07-13T00:00:00Z,WC,70,WC70,ROWO,100,5,5,25,25,NA,NA,nonwillow,NA
2017-07-13T00:00:00Z,WC,70,WC70,ROWO,100,10,5,15,10,NA,NA,nonwillow,NA
2017-07-13T00:00:00Z,WC,70,WC70,ROWO,100,20,10,35,25,NA,NA,nonwillow,NA
2017-07-13T00:00:00Z,WC,70,WC70,ROWO,100,35,20,35,20,NA,NA,nonwillow,NA
2017-07-13T00:00:00Z,WC,70,WC70,ROWO,90,40,30,70,60,S,1,nonwillow,NA
2017-07-13T00:00:00Z,WC,70,WC70,ROWO,100,30,20,60,55,S,1,nonwillow,NA
2017-07-13T00:00:00Z,WC,70,WC70,ROWO,90,20,5,45,40,S,1,nonwillow,NA
2017-07-13T00:00:00Z,WC,70,WC70,ROWO,100,35,10,40,30,S,2,nonwillow,NA
2017-07-13T00:00:00Z,WC,70,WC70,ROWO,95,35,20,75,70,S,1,nonwillow,NA
2017-07-13T00:00:00Z,WC,70,WC70,ROWO,50,20,20,65,55,S,1,nonwillow,NA
2017-07-13T00:00:00Z,WC,70,WC70,ROWO,50,50,50,105,85,S,1,nonwillow,NA
2017-07-13T00:00:00Z,WC,70,WC70,ROWO,100,20,10,10,5,S,1,nonwillow,NA
2017-07-13T00:00:00Z,WC,70,WC70,ROWO,100,25,20,45,40,NA,NA,nonwillow,NA
2017-07-13T00:00:00Z,WC,70,WC70,ROWO,100,10,10,20,20,NA,NA,nonwillow,NA
2017-07-13T00:00:00Z,WC,70,WC70,ROWO,100,25,10,40,25,NA,NA,nonwillow,NA
2017-07-13T00:00:00Z,WC,70,WC70,ROWO,100,25,10,45,25,NA,NA,nonwillow,NA
2017-07-13T00:00:00Z,WC,70,WC70,ROWO,100,30,10,25,20,NA,NA,nonwillow,NA
2017-07-13T00:00:00Z,WC,70,WC70,ROWO,100,20,10,25,20,NA,NA,nonwillow,NA
2017-07-13T00:00:00Z,WC,70,WC70,ROWO,100,10,5,20,20,NA,NA,nonwillow,NA
2017-07-13T00:00:00Z,WC,70,WC70,ROWO,50,10,5,10,10,NA,NA,nonwillow,NA
2017-07-13T00:00:00Z,WC,70,WC70,ROWO,100,20,10,45,40,NA,NA,nonwillow,NA
2017-07-13T00:00:00Z,WC,70,WC70,ROWO,100,20,10,30,20,NA,NA,nonwillow,NA
2017-07-13T00:00:00Z,WC,70,WC70,ROWO,100,10,10,50,40,NA,NA,nonwillow,NA
2017-07-13T00:00:00Z,WC,70,WC70,ROWO,100,25,20,30,25,NA,NA,nonwillow,NA
2017-07-13T00:00:00Z,WC,70,WC70,ROWO,100,10,10,20,15,NA,NA,nonwillow,NA
2017-07-13T00:00:00Z,WC,70,WC70,ROWO,100,10,10,20,15,NA,NA,nonwillow,NA
2017-07-13T00:00:00Z,WC,70,WC70,ROWO,100,10,10,35,25,NA,NA,nonwillow,NA
2017-07-13T00:00:00Z,WC,70,WC70,ROWO,100,20,15,55,30,NA,NA,nonwillow,NA
2017-07-13T00:00:00Z,WC,70,WC70,ROWO,100,30,10,30,25,NA,NA,nonwillow,NA
2017-07-13T00:00:00Z,WC,70,WC70,ROWO,100,20,10,35,20,NA,NA,nonwillow,NA
2017-07-13T00:00:00Z,WC,70,WC70,ROWO,100,20,20,45,35,NA,NA,nonwillow,NA
2017-07-13T00:00:00Z,WC,70,WC70,ROWO,100,35,25,55,50,NA,NA,nonwillow,NA
2017-07-13T00:00:00Z,WC,70,WC70,ROWO,100,40,25,110,105,NA,NA,nonwillow,NA
2017-07-13T00:00:00Z,WC,70,WC70,ROWO,100,65,40,55,35,NA,NA,nonwillow,NA
2017-07-13T00:00:00Z,WC,70,WC70,ROWO,100,45,35,90,85,NA,NA,nonwillow,NA
2017-07-13T00:00:00Z,WC,70,WC70,ROWO,100,30,20,70,65,NA,NA,nonwillow,NA
2017-07-13T00:00:00Z,WC,70,WC70,ROWO,100,20,10,40,30,NA,NA,nonwillow,NA
2017-07-13T00:00:00Z,WC,70,WC70,ROWO,100,80,40,60,30,NA,NA,nonwillow,NA
2017-07-13T00:00:00Z,WC,70,WC70,SAMO,5,670,570,330,320,S,2,willow,NA
2017-07-12T00:00:00Z,WC,71,WC71,BEGL,60,120,30,115,10,W,2,nonwillow,NA
2017-07-12T00:00:00Z,WC,71,WC71,BEGL,30,80,40,145,130,NA,NA,nonwillow,NA
2017-07-12T00:00:00Z,WC,71,WC71,BEOC,100,165,145,400,390,NA,NA,nonwillow,NA
2017-07-12T00:00:00Z,WC,71,WC71,BEOC,80,520,190,450,440,NA,NA,nonwillow,NA
2017-07-12T00:00:00Z,WC,71,WC71,DAFR,50,160,155,120,110,W,21,nonwillow,NA
2017-07-12T00:00:00Z,WC,71,WC71,DAFR,90,160,85,95,95,E,31,nonwillow,NA
2017-07-12T00:00:00Z,WC,71,WC71,DAFR,100,105,90,75,70,NA,NA,nonwillow,NA
2017-07-12T00:00:00Z,WC,71,WC71,DAFR,10,125,60,85,80,NA,NA,nonwillow,NA
2017-07-12T00:00:00Z,WC,71,WC71,DAFR,100,65,35,110,105,NA,NA,nonwillow,NA
2017-07-12T00:00:00Z,WC,71,WC71,DAFR,95,120,105,125,115,NA,NA,nonwillow,NA
2017-07-12T00:00:00Z,WC,71,WC71,DAFR,100,80,40,70,65,NA,NA,nonwillow,NA
2017-07-12T00:00:00Z,WC,71,WC71,DAFR,100,90,25,120,110,NA,NA,nonwillow,NA
2017-07-12T00:00:00Z,WC,71,WC71,DAFR,5,185,175,100,95,NA,NA,nonwillow,NA
2017-07-12T00:00:00Z,WC,71,WC71,DAFR,100,70,65,80,70,NA,NA,nonwillow,NA
2017-07-12T00:00:00Z,WC,71,WC71,ROWO,100,65,50,65,60,NA,NA,nonwillow,NA
2017-07-12T00:00:00Z,WC,71,WC71,ROWO,95,10,5,20,20,NA,NA,nonwillow,NA
2017-07-12T00:00:00Z,WC,71,WC71,ROWO,100,10,5,35,25,NA,NA,nonwillow,NA
2017-07-12T00:00:00Z,WC,71,WC71,ROWO,100,10,10,60,30,NA,NA,nonwillow,NA
2017-07-12T00:00:00Z,WC,71,WC71,ROWO,100,40,30,60,45,NA,NA,nonwillow,NA
2017-07-12T00:00:00Z,WC,71,WC71,ROWO,100,30,20,60,40,NA,NA,nonwillow,NA
2017-07-12T00:00:00Z,WC,71,WC71,ROWO,100,40,30,95,85,NA,NA,nonwillow,NA
2017-07-12T00:00:00Z,WC,71,WC71,ROWO,100,75,60,110,100,NA,NA,nonwillow,NA
2017-07-12T00:00:00Z,WC,71,WC71,ROWO,100,45,30,70,55,NA,NA,nonwillow,NA
2017-07-12T00:00:00Z,WC,71,WC71,ROWO,100,80,40,80,75,NA,NA,nonwillow,NA
2017-07-12T00:00:00Z,WC,71,WC71,ROWO,100,20,20,60,40,NA,NA,nonwillow,NA
2017-07-12T00:00:00Z,WC,71,WC71,ROWO,100,70,30,35,35,NA,NA,nonwillow,NA
2017-07-12T00:00:00Z,WC,71,WC71,ROWO,100,10,10,25,15,NA,NA,nonwillow,NA
2017-07-12T00:00:00Z,WC,71,WC71,ROWO,100,60,55,100,90,NA,NA,nonwillow,NA
2017-07-12T00:00:00Z,WC,71,WC71,ROWO,50,50,30,115,90,NA,NA,nonwillow,NA
2017-07-12T00:00:00Z,WC,71,WC71,ROWO,50,55,50,55,50,S,2,nonwillow,NA
2017-07-12T00:00:00Z,WC,71,WC71,ROWO,100,30,20,45,25,S,2,nonwillow,NA
2017-07-12T00:00:00Z,WC,71,WC71,ROWO,100,15,10,45,45,NA,NA,nonwillow,NA
2017-07-12T00:00:00Z,WC,71,WC71,ROWO,100,25,15,40,30,NA,NA,nonwillow,NA
2017-07-12T00:00:00Z,WC,71,WC71,ROWO,100,30,30,55,50,NA,NA,nonwillow,NA
2017-07-12T00:00:00Z,WC,71,WC71,ROWO,100,55,50,80,70,NA,NA,nonwillow,NA
2017-07-12T00:00:00Z,WC,71,WC71,ROWO,100,35,20,65,60,NA,NA,nonwillow,NA
2017-07-12T00:00:00Z,WC,71,WC71,ROWO,100,15,10,25,20,NA,NA,nonwillow,NA
2017-07-12T00:00:00Z,WC,71,WC71,ROWO,100,10,10,20,20,NA,NA,nonwillow,NA
2017-07-12T00:00:00Z,WC,71,WC71,ROWO,100,70,35,80,75,NA,NA,nonwillow,NA
2017-07-12T00:00:00Z,WC,71,WC71,ROWO,100,60,55,110,105,NA,NA,nonwillow,NA
2017-07-12T00:00:00Z,WC,71,WC71,ROWO,100,65,40,140,120,NA,NA,nonwillow,NA
2017-07-12T00:00:00Z,WC,71,WC71,ROWO,100,90,55,100,90,NA,NA,nonwillow,NA
2017-07-12T00:00:00Z,WC,71,WC71,ROWO,100,65,60,100,95,NA,NA,nonwillow,NA
2017-07-12T00:00:00Z,WC,71,WC71,ROWO,100,25,15,45,35,NA,NA,nonwillow,NA
2017-07-12T00:00:00Z,WC,71,WC71,SABE,60,60,50,115,95,NA,NA,willow,NA
2017-07-12T00:00:00Z,WC,71,WC71,SABE,10,175,115,210,205,N,9,willow,NA
2017-07-12T00:00:00Z,WC,71,WC71,SABE,100,50,35,90,60,NA,NA,willow,NA
2017-07-12T00:00:00Z,WC,71,WC71,SABE,50,145,90,160,145,NA,NA,willow,NA
2017-07-12T00:00:00Z,WC,71,WC71,SABE,100,50,35,85,70,NA,NA,willow,NA
2017-07-12T00:00:00Z,WC,71,WC71,SABE,100,105,100,110,100,NA,NA,willow,NA
2017-07-12T00:00:00Z,WC,71,WC71,SABE,100,150,130,190,155,NA,NA,willow,NA
2017-07-12T00:00:00Z,WC,71,WC71,SAMO,60,80,45,110,80,N,8,willow,NA
2017-07-12T00:00:00Z,WC,71,WC71,SAMO,100,40,30,115,85,NA,NA,willow,NA
2017-07-12T00:00:00Z,WC,71,WC71,SAMO,100,65,60,150,110,NA,NA,willow,NA
2017-07-12T00:00:00Z,WC,71,WC71,SAMO,100,70,25,100,95,NA,NA,willow,NA
2017-07-12T00:00:00Z,WC,71,WC71,SAMO,5,60,25,115,110,NA,NA,willow,NA
2017-07-12T00:00:00Z,WC,71,WC71,SAMO,5,60,45,110,105,NA,NA,willow,NA
2017-07-12T00:00:00Z,WC,71,WC71,SAMO,50,120,110,160,130,S,6,willow,NA
2017-07-12T00:00:00Z,WC,71,WC71,SAMO,100,115,70,155,130,S,3,willow,NA
2017-07-12T00:00:00Z,WC,71,WC71,SAMO,90,150,60,155,130,NA,NA,willow,NA
2017-07-12T00:00:00Z,WC,71,WC71,SAMO,100,50,45,80,65,NA,NA,willow,NA
2017-07-12T00:00:00Z,WC,71,WC71,SAMO,100,45,40,125,110,NA,NA,willow,NA
2017-07-12T00:00:00Z,WC,71,WC71,SAMO,100,30,30,55,40,NA,NA,willow,NA
2017-07-12T00:00:00Z,WC,71,WC71,SAPL,100,90,70,185,180,NA,NA,willow,NA
2017-07-12T00:00:00Z,WC,71,WC71,SAPL,100,95,50,185,165,NA,NA,willow,NA
2017-07-12T00:00:00Z,WC,71,WC71,SAPL,100,95,75,185,170,NA,NA,willow,NA
2017-07-12T00:00:00Z,WC,71,WC71,SAPL,90,95,60,230,225,NA,NA,willow,NA
2017-07-12T00:00:00Z,WC,71,WC71,SAPL,100,45,45,13,110,W,1,willow,NA
2017-07-12T00:00:00Z,WC,71,WC71,SAPL,100,30,25,135,110,NA,NA,willow,NA
2017-07-12T00:00:00Z,WC,71,WC71,SAPL,100,30,20,70,60,NA,NA,willow,NA
2017-07-12T00:00:00Z,WC,71,WC71,SAPL,100,100,75,170,155,NA,NA,willow,NA
2017-07-12T00:00:00Z,WC,71,WC71,SAPL,5,80,60,130,120,NA,NA,willow,NA
2017-07-12T00:00:00Z,WC,71,WC71,SAPL,75,125,90,305,300,NA,NA,willow,NA
2017-07-12T00:00:00Z,WC,71,WC71,SAPL,50,130,85,115,100,S,6,willow,NA
2017-07-12T00:00:00Z,WC,71,WC71,SAPL,100,110,60,150,110,NA,NA,willow,NA
2017-07-12T00:00:00Z,WC,71,WC71,SAPL,95,365,345,280,270,S,2,willow,NA
2017-07-14T00:00:00Z,WC,72,WC72,BEOC,60,205,185,165,155,NA,NA,nonwillow,NA
2017-07-14T00:00:00Z,WC,72,WC72,DAFR,5,90,55,90,80,NA,NA,nonwillow,NA
2017-07-14T00:00:00Z,WC,72,WC72,RINN,100,5,5,15,15,NA,NA,nonwillow,NA
2017-07-14T00:00:00Z,WC,72,WC72,ROWO,75,35,30,65,50,N,1,nonwillow,NA
2017-07-14T00:00:00Z,WC,72,WC72,ROWO,100,35,20,55,50,N,2,nonwillow,NA
2017-07-14T00:00:00Z,WC,72,WC72,ROWO,100,20,20,45,40,NA,NA,nonwillow,NA
2017-07-14T00:00:00Z,WC,72,WC72,ROWO,100,20,15,30,15,NA,NA,nonwillow,NA
2017-07-14T00:00:00Z,WC,72,WC72,ROWO,100,30,20,40,40,NA,NA,nonwillow,NA
2017-07-14T00:00:00Z,WC,72,WC72,ROWO,100,30,25,30,30,NA,NA,nonwillow,NA
2017-07-14T00:00:00Z,WC,72,WC72,ROWO,100,20,10,35,25,NA,NA,nonwillow,NA
2017-07-14T00:00:00Z,WC,72,WC72,ROWO,100,10,5,15,10,NA,NA,nonwillow,NA
2017-07-14T00:00:00Z,WC,72,WC72,ROWO,100,20,10,30,30,NA,NA,nonwillow,NA
2017-07-14T00:00:00Z,WC,72,WC72,ROWO,100,30,25,40,30,NA,NA,nonwillow,NA
2017-07-14T00:00:00Z,WC,72,WC72,ROWO,100,70,45,70,65,NA,NA,nonwillow,NA
2017-07-14T00:00:00Z,WC,72,WC72,ROWO,100,30,20,25,20,NA,NA,nonwillow,NA
2017-07-14T00:00:00Z,WC,72,WC72,ROWO,100,15,10,25,25,NA,NA,nonwillow,NA
2017-07-14T00:00:00Z,WC,72,WC72,ROWO,100,25,20,70,60,NA,NA,nonwillow,NA
2017-07-14T00:00:00Z,WC,72,WC72,ROWO,100,55,35,105,100,NA,NA,nonwillow,NA
2017-07-14T00:00:00Z,WC,72,WC72,ROWO,100,5,5,35,30,NA,NA,nonwillow,NA
2017-07-14T00:00:00Z,WC,72,WC72,ROWO,100,5,5,30,25,NA,NA,nonwillow,NA
2017-07-14T00:00:00Z,WC,72,WC72,ROWO,100,30,10,50,45,NA,NA,nonwillow,NA
2017-07-14T00:00:00Z,WC,72,WC72,ROWO,100,25,10,35,30,NA,NA,nonwillow,NA
2017-07-14T00:00:00Z,WC,72,WC72,ROWO,100,30,15,60,55,NA,NA,nonwillow,NA
2017-07-14T00:00:00Z,WC,72,WC72,ROWO,100,20,15,50,40,NA,NA,nonwillow,NA
2017-07-14T00:00:00Z,WC,72,WC72,ROWO,50,30,15,65,60,NA,NA,nonwillow,NA
2017-07-14T00:00:00Z,WC,72,WC72,ROWO,30,30,20,35,30,NA,NA,nonwillow,NA
2017-07-14T00:00:00Z,WC,72,WC72,ROWO,100,15,10,25,15,NA,NA,nonwillow,NA
2017-07-14T00:00:00Z,WC,72,WC72,ROWO,50,45,30,65,55,NA,NA,nonwillow,NA
2017-07-14T00:00:00Z,WC,72,WC72,ROWO,100,10,10,30,30,NA,NA,nonwillow,NA
2017-07-14T00:00:00Z,WC,72,WC72,ROWO,100,35,20,65,60,NA,NA,nonwillow,NA
2017-07-14T00:00:00Z,WC,72,WC72,ROWO,100,25,10,15,10,NA,NA,nonwillow,NA
2017-07-14T00:00:00Z,WC,72,WC72,ROWO,100,40,20,40,35,NA,NA,nonwillow,NA
2017-07-14T00:00:00Z,WC,72,WC72,ROWO,100,25,20,50,45,NA,NA,nonwillow,NA
2017-07-14T00:00:00Z,WC,72,WC72,ROWO,100,5,5,15,15,NA,NA,nonwillow,NA
2017-07-14T00:00:00Z,WC,72,WC72,ROWO,100,10,10,35,35,NA,NA,nonwillow,NA
2017-07-14T00:00:00Z,WC,72,WC72,ROWO,100,10,10,15,10,NA,NA,nonwillow,NA
2017-07-14T00:00:00Z,WC,72,WC72,ROWO,100,5,5,5,5,NA,NA,nonwillow,NA
2017-07-14T00:00:00Z,WC,72,WC72,ROWO,100,30,30,50,20,NA,NA,nonwillow,NA
2017-07-14T00:00:00Z,WC,72,WC72,ROWO,100,10,10,35,30,NA,NA,nonwillow,NA
2017-07-14T00:00:00Z,WC,72,WC72,ROWO,100,45,30,90,75,NA,NA,nonwillow,NA
2017-07-14T00:00:00Z,WC,72,WC72,ROWO,100,25,25,80,70,NA,NA,nonwillow,NA
2017-07-14T00:00:00Z,WC,72,WC72,ROWO,100,30,10,45,45,W,1,nonwillow,NA
2017-07-14T00:00:00Z,WC,72,WC72,ROWO,95,20,10,40,35,W,1,nonwillow,NA
2017-07-14T00:00:00Z,WC,72,WC72,ROWO,100,65,30,60,50,W,2,nonwillow,NA
2017-07-14T00:00:00Z,WC,72,WC72,ROWO,100,40,10,70,50,W,3,nonwillow,NA
2017-07-14T00:00:00Z,WC,72,WC72,ROWO,100,40,25,55,45,W,2,nonwillow,NA
2017-07-14T00:00:00Z,WC,72,WC72,ROWO,60,20,10,20,15,W,1,nonwillow,NA
2017-07-14T00:00:00Z,WC,72,WC72,ROWO,100,15,10,35,20,W,2,nonwillow,NA
2017-07-14T00:00:00Z,WC,72,WC72,ROWO,100,20,15,45,35,NA,NA,nonwillow,NA
2017-07-14T00:00:00Z,WC,72,WC72,ROWO,100,45,10,95,85,NA,NA,nonwillow,NA
2017-07-14T00:00:00Z,WC,72,WC72,ROWO,100,30,20,65,60,NA,NA,nonwillow,NA
2017-07-14T00:00:00Z,WC,72,WC72,ROWO,50,30,20,70,60,NA,NA,nonwillow,NA
2017-07-14T00:00:00Z,WC,72,WC72,ROWO,100,15,10,40,40,NA,NA,nonwillow,NA
2017-07-14T00:00:00Z,WC,72,WC72,ROWO,100,10,10,60,55,NA,NA,nonwillow,NA
2017-07-14T00:00:00Z,WC,72,WC72,ROWO,100,35,25,75,70,NA,NA,nonwillow,NA
2017-07-14T00:00:00Z,WC,72,WC72,ROWO,100,20,20,50,45,NA,NA,nonwillow,NA
2017-07-14T00:00:00Z,WC,72,WC72,ROWO,60,35,20,50,40,NA,NA,nonwillow,NA
2017-07-14T00:00:00Z,WC,72,WC72,ROWO,100,15,10,30,20,NA,NA,nonwillow,NA
2017-07-14T00:00:00Z,WC,72,WC72,ROWO,100,5,5,15,15,NA,NA,nonwillow,NA
2017-07-14T00:00:00Z,WC,72,WC72,ROWO,100,30,10,40,25,NA,NA,nonwillow,NA
2017-07-14T00:00:00Z,WC,72,WC72,ROWO,100,15,15,25,20,NA,NA,nonwillow,NA
2017-07-14T00:00:00Z,WC,72,WC72,ROWO,100,55,25,60,55,NA,NA,nonwillow,NA
2017-07-14T00:00:00Z,WC,72,WC72,ROWO,100,30,15,35,30,S,1,nonwillow,NA
2017-07-14T00:00:00Z,WC,72,WC72,ROWO,100,35,30,45,35,NA,NA,nonwillow,NA
2017-07-14T00:00:00Z,WC,72,WC72,ROWO,100,30,10,25,20,NA,NA,nonwillow,NA
2017-07-14T00:00:00Z,WC,72,WC72,ROWO,100,10,10,20,15,NA,NA,nonwillow,NA
2017-07-14T00:00:00Z,WC,72,WC72,ROWO,100,20,10,30,25,NA,NA,nonwillow,NA
2017-07-14T00:00:00Z,WC,72,WC72,ROWO,100,10,10,25,25,NA,NA,nonwillow,NA
2017-07-14T00:00:00Z,WC,72,WC72,ROWO,100,30,20,50,35,NA,NA,nonwillow,NA
2017-07-14T00:00:00Z,WC,72,WC72,ROWO,100,20,15,30,15,NA,NA,nonwillow,NA
2017-07-14T00:00:00Z,WC,72,WC72,ROWO,100,45,20,40,30,NA,NA,nonwillow,NA
2017-07-14T00:00:00Z,WC,72,WC72,ROWO,100,10,10,35,35,NA,NA,nonwillow,NA
2017-07-14T00:00:00Z,WC,72,WC72,ROWO,100,30,20,60,40,NA,NA,nonwillow,NA
2017-07-14T00:00:00Z,WC,72,WC72,ROWO,100,20,10,35,20,NA,NA,nonwillow,NA
2017-07-14T00:00:00Z,WC,72,WC72,ROWO,100,15,10,30,20,NA,NA,nonwillow,NA
2017-07-14T00:00:00Z,WC,72,WC72,ROWO,100,10,10,35,25,NA,NA,nonwillow,NA
2017-07-14T00:00:00Z,WC,72,WC72,ROWO,100,5,5,5,5,NA,NA,nonwillow,NA
2017-07-14T00:00:00Z,WC,72,WC72,ROWO,100,15,10,40,30,NA,NA,nonwillow,NA
2017-07-14T00:00:00Z,WC,72,WC72,ROWO,100,35,15,30,15,NA,NA,nonwillow,NA
2017-07-14T00:00:00Z,WC,72,WC72,ROWO,50,50,45,70,65,NA,NA,nonwillow,NA
2017-07-14T00:00:00Z,WC,72,WC72,ROWO,100,25,20,65,60,NA,NA,nonwillow,NA
2017-07-14T00:00:00Z,WC,72,WC72,ROWO,100,25,15,60,60,NA,NA,nonwillow,NA
2017-07-14T00:00:00Z,WC,72,WC72,ROWO,100,45,30,90,70,NA,NA,nonwillow,NA
2017-07-14T00:00:00Z,WC,72,WC72,ROWO,40,50,35,55,25,E,3,nonwillow,NA
2017-07-14T00:00:00Z,WC,72,WC72,ROWO,10,15,15,20,20,E,1,nonwillow,NA
2017-07-14T00:00:00Z,WC,72,WC72,ROWO,100,25,15,45,40,E,1,nonwillow,NA
2017-07-14T00:00:00Z,WC,72,WC72,ROWO,1,45,30,65,35,E,1,nonwillow,NA
2017-07-14T00:00:00Z,WC,72,WC72,ROWO,95,90,40,100,90,E,2,nonwillow,NA
2017-07-14T00:00:00Z,WC,72,WC72,ROWO,50,20,15,35,30,NA,NA,nonwillow,NA
2017-07-14T00:00:00Z,WC,72,WC72,ROWO,100,60,30,50,40,NA,NA,nonwillow,NA
2017-07-14T00:00:00Z,WC,72,WC72,ROWO,100,10,5,25,25,NA,NA,nonwillow,NA
2017-07-14T00:00:00Z,WC,72,WC72,ROWO,100,40,30,45,30,NA,NA,nonwillow,NA
2017-07-14T00:00:00Z,WC,72,WC72,ROWO,100,50,35,60,55,NA,NA,nonwillow,NA
2017-07-14T00:00:00Z,WC,72,WC72,ROWO,100,25,10,10,5,NA,NA,nonwillow,NA
2017-07-14T00:00:00Z,WC,72,WC72,ROWO,100,20,10,35,35,NA,NA,nonwillow,NA
2017-07-14T00:00:00Z,WC,72,WC72,ROWO,100,20,10,20,15,NA,NA,nonwillow,NA
2017-07-14T00:00:00Z,WC,72,WC72,ROWO,100,10,10,30,30,NA,NA,nonwillow,NA
2017-07-14T00:00:00Z,WC,72,WC72,ROWO,100,15,10,10,10,NA,NA,nonwillow,NA
2017-07-14T00:00:00Z,WC,72,WC72,ROWO,100,15,10,20,15,NA,NA,nonwillow,NA
2017-07-14T00:00:00Z,WC,72,WC72,ROWO,100,5,5,20,15,NA,NA,nonwillow,NA
2017-07-14T00:00:00Z,WC,72,WC72,ROWO,100,5,5,20,20,NA,NA,nonwillow,NA
2017-07-14T00:00:00Z,WC,72,WC72,ROWO,100,35,15,35,30,NA,NA,nonwillow,NA
2017-07-14T00:00:00Z,WC,72,WC72,ROWO,100,20,15,20,20,NA,NA,nonwillow,NA
2017-07-14T00:00:00Z,WC,72,WC72,ROWO,100,15,10,10,10,NA,NA,nonwillow,NA
2017-07-14T00:00:00Z,WC,72,WC72,ROWO,10,40,30,65,60,NA,NA,nonwillow,NA
2017-07-14T00:00:00Z,WC,72,WC72,ROWO,100,15,10,35,35,NA,NA,nonwillow,NA
2017-07-14T00:00:00Z,WC,72,WC72,ROWO,100,25,15,40,40,NA,NA,nonwillow,NA
2017-07-14T00:00:00Z,WC,72,WC72,ROWO,100,5,5,15,10,NA,NA,nonwillow,NA
2017-07-14T00:00:00Z,WC,72,WC72,ROWO,100,45,20,35,25,NA,NA,nonwillow,NA
2017-07-14T00:00:00Z,WC,72,WC72,ROWO,100,30,20,65,60,NA,NA,nonwillow,NA
2017-07-14T00:00:00Z,WC,72,WC72,ROWO,100,40,30,50,45,NA,NA,nonwillow,NA
2017-07-14T00:00:00Z,WC,72,WC72,ROWO,100,20,10,25,10,NA,NA,nonwillow,NA
2017-07-14T00:00:00Z,WC,72,WC72,ROWO,100,10,5,15,10,NA,NA,nonwillow,NA
2017-07-14T00:00:00Z,WC,72,WC72,ROWO,100,15,10,20,20,NA,NA,nonwillow,NA
2017-07-14T00:00:00Z,WC,72,WC72,ROWO,10,25,15,40,35,NA,NA,nonwillow,NA
2017-07-14T00:00:00Z,WC,72,WC72,ROWO,100,30,25,65,55,NA,NA,nonwillow,NA
2017-07-14T00:00:00Z,WC,72,WC72,ROWO,100,30,20,20,10,NA,NA,nonwillow,NA
2017-07-14T00:00:00Z,WC,72,WC72,ROWO,100,25,15,45,40,NA,NA,nonwillow,NA
2017-07-14T00:00:00Z,WC,72,WC72,ROWO,100,20,15,50,45,NA,NA,nonwillow,NA
2017-07-14T00:00:00Z,WC,72,WC72,ROWO,100,35,25,55,50,NA,NA,nonwillow,NA
2017-07-14T00:00:00Z,WC,72,WC72,ROWO,100,15,15,40,40,NA,NA,nonwillow,NA
2017-07-14T00:00:00Z,WC,72,WC72,ROWO,100,25,15,30,15,NA,NA,nonwillow,NA
2017-07-14T00:00:00Z,WC,72,WC72,ROWO,100,35,25,45,20,NA,NA,nonwillow,NA
2017-07-14T00:00:00Z,WC,72,WC72,ROWO,100,45,15,50,45,NA,NA,nonwillow,NA
2017-07-14T00:00:00Z,WC,72,WC72,ROWO,100,40,20,75,65,NA,NA,nonwillow,NA
2017-07-14T00:00:00Z,WC,72,WC72,ROWO,100,35,25,55,50,N,2,nonwillow,NA
2017-07-14T00:00:00Z,WC,72,WC72,ROWO,100,45,40,95,80,N,1,nonwillow,NA
2017-07-14T00:00:00Z,WC,72,WC72,ROWO,100,55,45,65,60,NA,NA,nonwillow,NA
2017-07-14T00:00:00Z,WC,72,WC72,ROWO,100,20,15,50,45,NA,NA,nonwillow,NA
2017-07-14T00:00:00Z,WC,72,WC72,ROWO,100,35,35,40,35,NA,NA,nonwillow,NA
2017-07-14T00:00:00Z,WC,72,WC72,ROWO,100,40,25,55,45,NA,NA,nonwillow,NA
2017-07-14T00:00:00Z,WC,72,WC72,ROWO,100,15,10,20,15,NA,NA,nonwillow,NA
2017-07-14T00:00:00Z,WC,72,WC72,ROWO,100,35,20,45,40,NA,NA,nonwillow,NA
2017-07-14T00:00:00Z,WC,72,WC72,ROWO,100,25,20,40,30,NA,NA,nonwillow,NA
2017-07-14T00:00:00Z,WC,72,WC72,ROWO,100,40,30,55,50,NA,NA,nonwillow,NA
2017-07-14T00:00:00Z,WC,72,WC72,ROWO,100,45,25,65,60,NA,NA,nonwillow,NA
2017-07-14T00:00:00Z,WC,72,WC72,ROWO,100,40,40,70,50,NA,NA,nonwillow,NA
2017-07-14T00:00:00Z,WC,72,WC72,ROWO,100,25,25,45,30,NA,NA,nonwillow,NA
2017-07-14T00:00:00Z,WC,72,WC72,ROWO,100,20,10,35,35,NA,NA,nonwillow,NA
2017-07-14T00:00:00Z,WC,72,WC72,ROWO,100,25,25,60,40,NA,NA,nonwillow,NA
2017-07-14T00:00:00Z,WC,72,WC72,ROWO,100,20,20,30,30,NA,NA,nonwillow,NA
2017-07-14T00:00:00Z,WC,72,WC72,ROWO,100,25,15,40,35,NA,NA,nonwillow,NA
2017-07-14T00:00:00Z,WC,72,WC72,ROWO,100,20,20,35,10,NA,NA,nonwillow,NA
2017-07-14T00:00:00Z,WC,72,WC72,ROWO,100,25,20,55,40,NA,NA,nonwillow,NA
2017-07-14T00:00:00Z,WC,72,WC72,ROWO,100,15,10,30,30,NA,NA,nonwillow,NA
2017-07-14T00:00:00Z,WC,72,WC72,ROWO,100,35,35,55,45,NA,NA,nonwillow,NA
2017-07-14T00:00:00Z,WC,72,WC72,ROWO,100,35,35,50,50,NA,NA,nonwillow,NA
2017-07-14T00:00:00Z,WC,72,WC72,ROWO,100,20,15,30,30,NA,NA,nonwillow,NA
2017-07-14T00:00:00Z,WC,72,WC72,ROWO,100,35,30,50,45,NA,NA,nonwillow,NA
2017-07-14T00:00:00Z,WC,72,WC72,ROWO,100,30,10,25,15,NA,NA,nonwillow,NA
2017-07-14T00:00:00Z,WC,72,WC72,ROWO,100,30,20,50,35,NA,NA,nonwillow,NA
2017-07-14T00:00:00Z,WC,72,WC72,ROWO,100,30,20,35,30,NA,NA,nonwillow,NA
2017-07-14T00:00:00Z,WC,72,WC72,ROWO,100,20,15,40,35,NA,NA,nonwillow,NA
2017-07-14T00:00:00Z,WC,72,WC72,ROWO,100,25,20,55,50,NA,NA,nonwillow,NA
2017-07-14T00:00:00Z,WC,72,WC72,ROWO,100,30,25,65,60,NA,NA,nonwillow,NA
2017-07-14T00:00:00Z,WC,72,WC72,ROWO,100,80,35,75,65,NA,NA,nonwillow,NA
2017-07-14T00:00:00Z,WC,72,WC72,ROWO,100,80,45,105,95,NA,NA,nonwillow,NA
2017-07-14T00:00:00Z,WC,72,WC72,ROWO,100,55,55,110,80,NA,NA,nonwillow,NA
2017-07-14T00:00:00Z,WC,72,WC72,SAGE,80,425,350,360,350,E,42,willow,NA
2017-07-14T00:00:00Z,WC,72,WC72,SAMO,80,40,25,125,90,NA,NA,willow,NA
2017-07-14T00:00:00Z,WC,72,WC72,SAMO,100,35,25,105,85,NA,NA,willow,NA
2017-07-14T00:00:00Z,WC,72,WC72,SAMO,95,180,105,270,255,NA,NA,willow,NA
2017-07-14T00:00:00Z,WC,72,WC72,SAMO,95,50,35,130,105,W,1,willow,NA
2017-07-14T00:00:00Z,WC,72,WC72,SAMO,100,105,85,135,120,W,8,willow,NA
2017-07-14T00:00:00Z,WC,72,WC72,SAMO,100,140,90,235,215,NA,NA,willow,NA
2017-07-14T00:00:00Z,WC,72,WC72,SAMO,20,315,280,215,210,N,NA,willow,NA
2017-07-14T00:00:00Z,WC,72,WC72,SAPL,50,235,140,135,115,S,25,willow,NA
2017-07-14T00:00:00Z,WC,72,WC72,SAPL,100,35,25,80,60,NA,NA,willow,NA
2017-07-14T00:00:00Z,WC,74,WC74,BEGL,10,365,310,500,490,S,1,nonwillow,NA
2017-07-14T00:00:00Z,WC,74,WC74,BEOC,15,230,110,300,290,W,1,nonwillow,NA
2017-07-14T00:00:00Z,WC,74,WC74,DAFR,100,125,120,115,110,NA,NA,nonwillow,NA
2017-07-14T00:00:00Z,WC,74,WC74,DAFR,70,55,30,35,25,N,8,nonwillow,NA
2017-07-14T00:00:00Z,WC,74,WC74,DAFR,90,50,20,70,50,NA,NA,nonwillow,NA
2017-07-14T00:00:00Z,WC,74,WC74,ROWO,100,20,10,20,20,NA,NA,nonwillow,NA
2017-07-14T00:00:00Z,WC,74,WC74,ROWO,100,20,10,25,20,NA,NA,nonwillow,NA
2017-07-14T00:00:00Z,WC,74,WC74,ROWO,100,25,15,50,45,NA,NA,nonwillow,NA
2017-07-14T00:00:00Z,WC,74,WC74,ROWO,100,25,15,20,15,NA,NA,nonwillow,NA
2017-07-14T00:00:00Z,WC,74,WC74,ROWO,100,20,15,25,20,NA,NA,nonwillow,NA
2017-07-14T00:00:00Z,WC,74,WC74,ROWO,100,40,35,55,50,S,1,nonwillow,NA
2017-07-14T00:00:00Z,WC,74,WC74,ROWO,100,20,15,45,40,S,1,nonwillow,NA
2017-07-14T00:00:00Z,WC,74,WC74,ROWO,5,25,15,35,25,S,1,nonwillow,NA
2017-07-14T00:00:00Z,WC,74,WC74,ROWO,5,30,15,40,40,S,1,nonwillow,NA
2017-07-14T00:00:00Z,WC,74,WC74,ROWO,100,15,5,20,20,NA,NA,nonwillow,NA
2017-07-14T00:00:00Z,WC,74,WC74,ROWO,100,5,5,5,5,NA,NA,nonwillow,NA
2017-07-14T00:00:00Z,WC,74,WC74,ROWO,100,15,10,20,10,NA,NA,nonwillow,NA
2017-07-14T00:00:00Z,WC,74,WC74,ROWO,100,20,10,30,30,NA,NA,nonwillow,NA
2017-07-14T00:00:00Z,WC,74,WC74,ROWO,100,15,10,15,10,NA,NA,nonwillow,NA
2017-07-14T00:00:00Z,WC,74,WC74,ROWO,100,20,15,30,25,NA,NA,nonwillow,NA
2017-07-14T00:00:00Z,WC,74,WC74,ROWO,100,15,15,30,20,NA,NA,nonwillow,NA
2017-07-14T00:00:00Z,WC,74,WC74,ROWO,100,15,15,20,15,NA,NA,nonwillow,NA
2017-07-14T00:00:00Z,WC,74,WC74,ROWO,100,20,15,15,15,NA,NA,nonwillow,NA
2017-07-14T00:00:00Z,WC,74,WC74,ROWO,100,5,5,10,10,NA,NA,nonwillow,NA
2017-07-14T00:00:00Z,WC,74,WC74,ROWO,90,15,10,25,15,NA,NA,nonwillow,NA
2017-07-14T00:00:00Z,WC,74,WC74,ROWO,5,50,25,60,50,NA,NA,nonwillow,NA
2017-07-14T00:00:00Z,WC,74,WC74,ROWO,100,10,5,15,10,NA,NA,nonwillow,NA
2017-07-14T00:00:00Z,WC,74,WC74,ROWO,100,15,5,25,25,NA,NA,nonwillow,NA
2017-07-14T00:00:00Z,WC,74,WC74,ROWO,20,20,10,35,35,NA,NA,nonwillow,NA
2017-07-14T00:00:00Z,WC,74,WC74,ROWO,50,15,10,30,30,NA,NA,nonwillow,NA
2017-07-14T00:00:00Z,WC,74,WC74,ROWO,100,10,5,15,15,NA,NA,nonwillow,NA
2017-07-14T00:00:00Z,WC,74,WC74,ROWO,100,20,15,30,25,NA,NA,nonwillow,NA
2017-07-14T00:00:00Z,WC,74,WC74,ROWO,100,20,15,15,15,NA,NA,nonwillow,NA
2017-07-14T00:00:00Z,WC,74,WC74,ROWO,100,10,5,20,15,NA,NA,nonwillow,NA
2017-07-14T00:00:00Z,WC,74,WC74,ROWO,100,20,15,20,15,NA,NA,nonwillow,NA
2017-07-14T00:00:00Z,WC,74,WC74,ROWO,90,15,10,15,10,W,1,nonwillow,NA
2017-07-14T00:00:00Z,WC,74,WC74,ROWO,100,25,20,25,15,W,2,nonwillow,NA
2017-07-14T00:00:00Z,WC,74,WC74,ROWO,40,35,20,30,25,W,1,nonwillow,NA
2017-07-14T00:00:00Z,WC,74,WC74,ROWO,100,25,15,25,25,W,2,nonwillow,NA
2017-07-14T00:00:00Z,WC,74,WC74,ROWO,100,15,10,20,20,W,1,nonwillow,NA
2017-07-14T00:00:00Z,WC,74,WC74,ROWO,80,35,15,25,15,W,2,nonwillow,NA
2017-07-14T00:00:00Z,WC,74,WC74,ROWO,100,15,15,10,5,W,2,nonwillow,NA
2017-07-14T00:00:00Z,WC,74,WC74,ROWO,100,15,10,15,15,W,1,nonwillow,NA
2017-07-14T00:00:00Z,WC,74,WC74,ROWO,100,30,20,30,25,W,2,nonwillow,NA
2017-07-14T00:00:00Z,WC,74,WC74,ROWO,100,20,10,20,15,NA,NA,nonwillow,NA
2017-07-14T00:00:00Z,WC,74,WC74,ROWO,100,5,5,15,10,NA,NA,nonwillow,NA
2017-07-14T00:00:00Z,WC,74,WC74,ROWO,100,15,10,10,10,NA,NA,nonwillow,NA
2017-07-14T00:00:00Z,WC,74,WC74,ROWO,100,20,10,15,10,NA,NA,nonwillow,NA
2017-07-14T00:00:00Z,WC,74,WC74,ROWO,100,5,5,5,5,NA,NA,nonwillow,NA
2017-07-14T00:00:00Z,WC,74,WC74,ROWO,100,15,5,20,15,NA,NA,nonwillow,NA
2017-07-14T00:00:00Z,WC,74,WC74,ROWO,100,20,10,25,15,NA,NA,nonwillow,NA
2017-07-14T00:00:00Z,WC,74,WC74,ROWO,100,15,15,35,35,NA,NA,nonwillow,NA
2017-07-14T00:00:00Z,WC,74,WC74,ROWO,100,10,5,20,15,NA,NA,nonwillow,NA
2017-07-14T00:00:00Z,WC,74,WC74,ROWO,60,20,15,25,15,NA,NA,nonwillow,NA
2017-07-14T00:00:00Z,WC,74,WC74,ROWO,100,10,5,10,10,NA,NA,nonwillow,NA
2017-07-14T00:00:00Z,WC,74,WC74,ROWO,100,10,5,5,5,NA,NA,nonwillow,NA
2017-07-14T00:00:00Z,WC,74,WC74,ROWO,100,20,15,35,35,NA,NA,nonwillow,NA
2017-07-14T00:00:00Z,WC,74,WC74,ROWO,100,20,15,25,15,NA,NA,nonwillow,NA
2017-07-14T00:00:00Z,WC,74,WC74,ROWO,100,15,5,15,10,NA,NA,nonwillow,NA
2017-07-14T00:00:00Z,WC,74,WC74,ROWO,100,15,15,30,20,NA,NA,nonwillow,NA
2017-07-14T00:00:00Z,WC,74,WC74,ROWO,100,15,10,20,15,NA,NA,nonwillow,NA
2017-07-14T00:00:00Z,WC,74,WC74,ROWO,100,5,5,15,10,NA,NA,nonwillow,NA
2017-07-14T00:00:00Z,WC,74,WC74,ROWO,50,20,15,25,20,NA,NA,nonwillow,NA
2017-07-14T00:00:00Z,WC,74,WC74,ROWO,80,15,10,30,20,NA,NA,nonwillow,NA
2017-07-14T00:00:00Z,WC,74,WC74,ROWO,100,20,15,25,15,NA,NA,nonwillow,NA
2017-07-14T00:00:00Z,WC,74,WC74,ROWO,100,15,10,20,20,NA,NA,nonwillow,NA
2017-07-14T00:00:00Z,WC,74,WC74,ROWO,100,25,20,30,20,NA,NA,nonwillow,NA
2017-07-14T00:00:00Z,WC,74,WC74,ROWO,100,15,10,25,15,NA,NA,nonwillow,NA
2017-07-14T00:00:00Z,WC,74,WC74,ROWO,50,30,20,35,30,NA,NA,nonwillow,NA
2017-07-14T00:00:00Z,WC,74,WC74,ROWO,100,15,10,30,25,NA,NA,nonwillow,NA
2017-07-14T00:00:00Z,WC,74,WC74,ROWO,100,50,25,75,65,NA,NA,nonwillow,NA
2017-07-14T00:00:00Z,WC,74,WC74,SABE,5,580,560,400,390,E,3,willow,NA
2017-07-14T00:00:00Z,WC,74,WC74,SAMO,100,50,25,65,60,NA,NA,willow,NA
2017-07-14T00:00:00Z,WC,74,WC74,SAMO,95,80,75,100,95,S,5,willow,NA
2017-07-14T00:00:00Z,WC,74,WC74,SAMO,100,165,75,190,155,NA,NA,willow,NA
2017-06-30T00:00:00Z,WC,76,WC76,SAMO,100,35,15,55,10,W,1,willow,NA
2017-06-30T00:00:00Z,WC,76,WC76,SAMO,100,35,35,105,90,NA,NA,willow,NA
2017-06-30T00:00:00Z,WC,76,WC76,SAMO,100,40,40,95,75,NA,NA,willow,NA
2017-06-30T00:00:00Z,WC,76,WC76,SAMO,5,240,200,190,165,NA,NA,willow,NA
2017-06-30T00:00:00Z,WC,76,WC76,SAMO,100,50,30,120,110,NA,NA,willow,NA
2017-06-30T00:00:00Z,WC,76,WC76,SAMO,100,75,40,100,85,NA,NA,willow,NA
2017-07-05T00:00:00Z,WC,79,WC79,BEOC,100,35,30,30,25,NA,NA,nonwillow,NA
2017-07-05T00:00:00Z,WC,79,WC79,BEOC,100,40,15,45,35,NA,NA,nonwillow,NA
2017-07-05T00:00:00Z,WC,79,WC79,LOIN,100,125,105,95,85,W,17,nonwillow,NA
2017-07-05T00:00:00Z,WC,79,WC79,LOIN,100,130,55,65,60,N,26,nonwillow,NA
2017-07-05T00:00:00Z,WC,79,WC79,LOIN,10,110,75,75,55,S,4,nonwillow,NA
2017-07-05T00:00:00Z,WC,79,WC79,ROWO,30,15,10,40,35,NA,NA,nonwillow,NA
2017-07-05T00:00:00Z,WC,79,WC79,ROWO,100,10,10,20,20,NA,NA,nonwillow,NA
2017-07-05T00:00:00Z,WC,79,WC79,ROWO,100,10,5,15,5,NA,NA,nonwillow,NA
2017-07-05T00:00:00Z,WC,79,WC79,ROWO,100,15,5,10,5,NA,NA,nonwillow,NA
2017-07-05T00:00:00Z,WC,79,WC79,ROWO,100,40,25,35,25,NA,NA,nonwillow,NA
2017-07-05T00:00:00Z,WC,79,WC79,ROWO,100,10,5,25,10,NA,NA,nonwillow,NA
2017-07-05T00:00:00Z,WC,79,WC79,ROWO,100,15,5,10,5,NA,NA,nonwillow,NA
2017-07-05T00:00:00Z,WC,79,WC79,SADR,100,40,30,85,75,NA,NA,willow,NA
2017-07-05T00:00:00Z,WC,79,WC79,SADR,100,130,50,145,140,W,4,willow,NA
2017-07-05T00:00:00Z,WC,79,WC79,SADR,100,150,130,140,115,NA,NA,willow,NA
2017-07-05T00:00:00Z,WC,79,WC79,SAMO,75,45,45,60,55,NA,NA,willow,NA
2017-07-05T00:00:00Z,WC,79,WC79,SAMO,90,45,20,45,35,S,5,willow,NA
2017-07-05T00:00:00Z,WC,79,WC79,SAMO,100,40,20,75,75,W,1,willow,NA
2017-07-05T00:00:00Z,WC,79,WC79,SAMO,100,75,75,95,70,NA,NA,willow,NA
2017-07-05T00:00:00Z,WC,79,WC79,SAPL,60,50,35,55,50,E,8,willow,NA
2017-07-05T00:00:00Z,WC,80,WC80,SAMO,100,10,10,35,30,W,1,willow,NA
2017-07-05T00:00:00Z,WC,80,WC80,SAMO,100,20,10,10,10,S,5,willow,NA
2017-06-30T00:00:00Z,WC,81,WC81,ROWO,100,15,15,15,10,NA,NA,nonwillow,NA
2017-06-30T00:00:00Z,WC,81,WC81,ROWO,100,10,5,10,5,NA,NA,nonwillow,NA
2017-06-30T00:00:00Z,WC,81,WC81,ROWO,100,15,10,10,5,NA,NA,nonwillow,NA
2017-06-30T00:00:00Z,WC,81,WC81,ROWO,100,5,5,5,5,NA,NA,nonwillow,NA
2017-06-30T00:00:00Z,WC,81,WC81,ROWO,100,5,5,5,5,NA,NA,nonwillow,NA
2017-06-30T00:00:00Z,WC,81,WC81,ROWO,100,10,5,15,5,NA,NA,nonwillow,NA
2017-06-30T00:00:00Z,WC,81,WC81,ROWO,100,10,10,10,10,NA,NA,nonwillow,NA
2017-06-30T00:00:00Z,WC,82,WC82,ROWO,100,15,15,20,20,NA,NA,nonwillow,NA
2017-06-30T00:00:00Z,WC,82,WC82,ROWO,5,40,25,45,25,NA,NA,nonwillow,NA
2017-06-30T00:00:00Z,WC,82,WC82,ROWO,100,5,5,40,35,N,1,nonwillow,NA
2017-06-30T00:00:00Z,WC,82,WC82,ROWO,100,35,20,30,25,N,6,nonwillow,NA
2017-06-30T00:00:00Z,WC,82,WC82,ROWO,100,30,20,45,40,N,3,nonwillow,NA
2017-06-30T00:00:00Z,WC,82,WC82,ROWO,100,30,25,70,60,N,4,nonwillow,NA
2017-06-30T00:00:00Z,WC,82,WC82,ROWO,60,25,20,25,20,E,2,nonwillow,NA
2017-06-30T00:00:00Z,WC,82,WC82,SABE,50,40,30,40,30,W,2,willow,NA
2017-06-30T00:00:00Z,WC,82,WC82,SABE,100,85,70,75,65,N,14,willow,NA
2017-06-30T00:00:00Z,WC,82,WC82,SAMO,100,20,15,35,25,W,2,willow,NA
2017-06-30T00:00:00Z,WC,82,WC82,SAMO,100,25,15,25,15,W,1,willow,NA
2017-06-30T00:00:00Z,WC,82,WC82,SAMO,50,45,20,55,45,W,3,willow,NA
2017-06-30T00:00:00Z,WC,83,WC83,ALIN,40,160,145,180,170,E,9,nonwillow,NA
2017-06-30T00:00:00Z,WC,83,WC83,ROWO,100,5,5,10,5,W,1,nonwillow,NA
2017-06-30T00:00:00Z,WC,83,WC83,ROWO,100,10,5,5,5,W,1,nonwillow,NA
2017-06-30T00:00:00Z,WC,83,WC83,ROWO,100,5,5,5,5,W,1,nonwillow,NA
2017-06-30T00:00:00Z,WC,83,WC83,ROWO,100,5,5,5,5,W,1,nonwillow,NA
2017-06-30T00:00:00Z,WC,83,WC83,ROWO,100,5,5,5,5,W,1,nonwillow,NA
2017-06-30T00:00:00Z,WC,83,WC83,ROWO,40,45,5,30,25,W,1,nonwillow,NA
2017-06-30T00:00:00Z,WC,83,WC83,ROWO,100,10,5,25,5,W,1,nonwillow,NA
2017-06-30T00:00:00Z,WC,83,WC83,ROWO,100,25,10,30,20,W,1,nonwillow,NA
2017-06-30T00:00:00Z,WC,83,WC83,ROWO,100,5,5,5,5,W,1,nonwillow,NA
2017-06-30T00:00:00Z,WC,83,WC83,ROWO,100,10,5,15,15,W,1,nonwillow,NA
2017-06-30T00:00:00Z,WC,83,WC83,ROWO,100,10,5,10,10,NA,NA,nonwillow,NA
2017-06-30T00:00:00Z,WC,83,WC83,ROWO,100,5,5,5,5,NA,NA,nonwillow,NA
2017-06-30T00:00:00Z,WC,83,WC83,ROWO,100,25,15,30,30,NA,NA,nonwillow,NA
2017-06-30T00:00:00Z,WC,83,WC83,ROWO,100,25,5,10,5,NA,NA,nonwillow,NA
2017-06-30T00:00:00Z,WC,83,WC83,ROWO,60,10,5,10,10,NA,NA,nonwillow,NA
2017-06-30T00:00:00Z,WC,83,WC83,ROWO,10,10,5,15,15,NA,NA,nonwillow,NA
2017-06-30T00:00:00Z,WC,83,WC83,ROWO,100,10,5,10,10,NA,NA,nonwillow,NA
2017-06-30T00:00:00Z,WC,83,WC83,ROWO,100,10,10,10,10,NA,NA,nonwillow,NA
2017-06-30T00:00:00Z,WC,83,WC83,ROWO,100,15,10,20,20,NA,NA,nonwillow,NA
2017-06-30T00:00:00Z,WC,83,WC83,ROWO,100,10,5,10,5,NA,NA,nonwillow,NA
2017-06-30T00:00:00Z,WC,83,WC83,Ruin,100,15,5,15,15,NA,NA,nonwillow,NA
2017-06-30T00:00:00Z,WC,83,WC83,Ruin,100,15,10,15,15,NA,NA,nonwillow,NA
2017-06-30T00:00:00Z,WC,83,WC83,Ruin,100,5,5,5,5,NA,NA,nonwillow,NA
2017-06-30T00:00:00Z,WC,83,WC83,Ruin,100,10,10,15,15,NA,NA,nonwillow,NA
2017-06-30T00:00:00Z,WC,83,WC83,Ruin,100,15,10,10,10,NA,NA,nonwillow,NA
2017-06-30T00:00:00Z,WC,83,WC83,Ruin,100,25,15,30,20,S,1,nonwillow,NA
2017-06-30T00:00:00Z,WC,83,WC83,Ruin,100,5,5,5,5,NA,NA,nonwillow,NA
2017-06-30T00:00:00Z,WC,83,WC83,Ruin,100,10,5,10,10,NA,NA,nonwillow,NA
2017-06-30T00:00:00Z,WC,83,WC83,Ruin,100,15,5,10,10,NA,NA,nonwillow,NA
2017-06-30T00:00:00Z,WC,83,WC83,Ruin,100,20,5,15,15,NA,NA,nonwillow,NA
2017-06-30T00:00:00Z,WC,83,WC83,Ruin,100,15,10,20,20,NA,NA,nonwillow,NA
2017-06-30T00:00:00Z,WC,83,WC83,Ruin,100,10,5,10,10,NA,NA,nonwillow,NA
2017-06-30T00:00:00Z,WC,83,WC83,SAMO,60,55,55,45,40,S,4,willow,NA
2017-07-05T00:00:00Z,WC,86,WC86,DAFR,100,35,10,55,50,NA,NA,nonwillow,NA
2017-07-05T00:00:00Z,WC,86,WC86,DAFR,100,25,10,25,20,NA,NA,nonwillow,NA
2017-07-05T00:00:00Z,WC,86,WC86,DAFR,100,30,15,35,30,NA,NA,nonwillow,NA
2017-07-05T00:00:00Z,WC,86,WC86,DAFR,100,55,45,80,75,NA,NA,nonwillow,NA
2017-07-05T00:00:00Z,WC,86,WC86,DAFR,100,35,25,55,50,NA,NA,nonwillow,NA
2017-07-05T00:00:00Z,WC,86,WC86,DAFR,25,65,30,75,65,NA,NA,nonwillow,NA
2017-07-05T00:00:00Z,WC,86,WC86,DAFR,100,10,5,40,35,NA,NA,nonwillow,NA
2017-07-05T00:00:00Z,WC,86,WC86,DAFR,100,30,15,40,30,NA,NA,nonwillow,NA
2017-07-05T00:00:00Z,WC,86,WC86,DAFR,100,25,20,70,65,NA,NA,nonwillow,NA
2017-07-05T00:00:00Z,WC,86,WC86,DAFR,100,10,10,40,35,NA,NA,nonwillow,NA
2017-07-05T00:00:00Z,WC,86,WC86,DAFR,100,25,15,65,55,NA,NA,nonwillow,NA
2017-07-05T00:00:00Z,WC,86,WC86,DAFR,100,25,10,55,50,NA,NA,nonwillow,NA
2017-07-05T00:00:00Z,WC,86,WC86,DAFR,100,25,20,75,75,NA,NA,nonwillow,NA
2017-07-05T00:00:00Z,WC,86,WC86,DAFR,100,15,10,45,30,NA,NA,nonwillow,NA
2017-07-05T00:00:00Z,WC,86,WC86,DAFR,100,20,10,45,40,NA,NA,nonwillow,NA
2017-07-05T00:00:00Z,WC,86,WC86,DAFR,100,15,10,35,30,NA,NA,nonwillow,NA
2017-07-05T00:00:00Z,WC,86,WC86,DAFR,100,10,10,40,35,NA,NA,nonwillow,NA
2017-07-05T00:00:00Z,WC,86,WC86,DAFR,100,15,5,40,40,NA,NA,nonwillow,NA
2017-07-05T00:00:00Z,WC,86,WC86,DAFR,100,15,10,50,45,NA,NA,nonwillow,NA
2017-07-05T00:00:00Z,WC,86,WC86,DAFR,100,20,15,55,45,NA,NA,nonwillow,NA
2017-07-05T00:00:00Z,WC,86,WC86,DAFR,100,15,15,55,50,NA,NA,nonwillow,NA
2017-07-05T00:00:00Z,WC,86,WC86,DAFR,100,10,10,50,45,NA,NA,nonwillow,NA
2017-07-05T00:00:00Z,WC,86,WC86,DAFR,100,40,20,45,45,NA,NA,nonwillow,NA
2017-07-05T00:00:00Z,WC,86,WC86,DAFR,100,55,25,65,55,NA,NA,nonwillow,NA
2017-07-05T00:00:00Z,WC,86,WC86,DAFR,10,40,35,45,40,NA,NA,nonwillow,NA
2017-07-05T00:00:00Z,WC,86,WC86,DAFR,50,30,15,30,25,NA,NA,nonwillow,NA
2017-07-05T00:00:00Z,WC,86,WC86,DAFR,5,10,5,25,20,NA,NA,nonwillow,NA
2017-07-05T00:00:00Z,WC,86,WC86,DAFR,100,55,35,70,65,NA,NA,nonwillow,NA
2017-07-05T00:00:00Z,WC,86,WC86,DAFR,95,70,65,75,65,W,12,nonwillow,NA
2017-07-05T00:00:00Z,WC,86,WC86,DAFR,100,45,20,50,45,NA,NA,nonwillow,NA
2017-07-05T00:00:00Z,WC,86,WC86,DAFR,100,25,15,35,25,NA,NA,nonwillow,NA
2017-07-05T00:00:00Z,WC,86,WC86,DAFR,100,15,10,25,20,NA,NA,nonwillow,NA
2017-07-05T00:00:00Z,WC,86,WC86,DAFR,100,30,15,35,35,NA,NA,nonwillow,NA
2017-07-05T00:00:00Z,WC,86,WC86,DAFR,100,15,10,35,30,NA,NA,nonwillow,NA
2017-07-05T00:00:00Z,WC,86,WC86,DAFR,5,25,20,50,45,NA,NA,nonwillow,NA
2017-07-05T00:00:00Z,WC,86,WC86,DAFR,50,80,55,70,65,NA,NA,nonwillow,NA
2017-07-05T00:00:00Z,WC,86,WC86,DAFR,100,15,10,35,30,NA,NA,nonwillow,NA
2017-07-05T00:00:00Z,WC,86,WC86,DAFR,100,70,35,75,70,NA,NA,nonwillow,NA
2017-07-05T00:00:00Z,WC,86,WC86,DAFR,100,20,15,45,40,NA,NA,nonwillow,NA
2017-07-05T00:00:00Z,WC,86,WC86,DAFR,100,40,20,40,40,NA,NA,nonwillow,NA
2017-07-05T00:00:00Z,WC,86,WC86,DAFR,100,20,20,55,50,NA,NA,nonwillow,NA
2017-07-05T00:00:00Z,WC,86,WC86,DAFR,100,30,20,35,30,NA,NA,nonwillow,NA
2017-07-05T00:00:00Z,WC,86,WC86,DAFR,5,50,20,55,55,N,1,nonwillow,NA
2017-07-05T00:00:00Z,WC,86,WC86,DAFR,100,30,15,65,60,N,1,nonwillow,NA
2017-07-05T00:00:00Z,WC,86,WC86,DAFR,100,40,25,55,50,N,4,nonwillow,NA
2017-07-05T00:00:00Z,WC,86,WC86,DAFR,100,30,30,65,60,NA,NA,nonwillow,NA
2017-07-05T00:00:00Z,WC,86,WC86,DAFR,100,45,30,55,50,NA,NA,nonwillow,NA
2017-07-05T00:00:00Z,WC,86,WC86,DAFR,5,50,20,45,40,N,1,nonwillow,NA
2017-07-05T00:00:00Z,WC,86,WC86,DAFR,100,25,10,40,40,NA,NA,nonwillow,NA
2017-07-05T00:00:00Z,WC,86,WC86,DAFR,100,45,30,50,45,NA,NA,nonwillow,NA
2017-07-05T00:00:00Z,WC,86,WC86,SAPL,100,375,370,200,180,NA,NA,willow,NA
2017-07-25T00:00:00Z,WK,1,WK1,BEOC,100,45,35,45,40,NA,NA,nonwillow,NA
2017-07-25T00:00:00Z,WK,1,WK1,BEOC,100,15,10,60,55,NA,NA,nonwillow,NA
2017-07-25T00:00:00Z,WK,1,WK1,BEOC,100,20,10,40,35,NA,NA,nonwillow,NA
2017-07-25T00:00:00Z,WK,1,WK1,BEOC,95,125,60,75,50,NA,NA,nonwillow,NA
2017-07-25T00:00:00Z,WK,1,WK1,BEOC,100,50,40,35,30,NA,NA,nonwillow,NA
2017-07-25T00:00:00Z,WK,1,WK1,BEOC,100,75,50,45,30,NA,NA,nonwillow,NA
2017-07-25T00:00:00Z,WK,1,WK1,BEOC,100,85,55,40,40,NA,NA,nonwillow,NA
2017-07-25T00:00:00Z,WK,1,WK1,ROWO,100,20,15,30,30,NA,NA,nonwillow,NA
2017-07-25T00:00:00Z,WK,1,WK1,SADR,100,55,45,80,70,NA,NA,willow,NA
2017-07-25T00:00:00Z,WK,1,WK1,SADR,100,100,65,125,110,NA,NA,willow,NA
2017-07-25T00:00:00Z,WK,1,WK1,SAMO,95,275,225,140,120,W,53,willow,NA
2017-07-25T00:00:00Z,WK,1,WK1,SAMO,100,50,25,50,50,NA,NA,willow,NA
2017-07-25T00:00:00Z,WK,1,WK1,SAMO,100,90,50,110,90,E,1,willow,NA
2017-07-25T00:00:00Z,WK,1,WK1,SAMO,100,30,20,65,55,NA,NA,willow,NA
2017-07-25T00:00:00Z,WK,1,WK1,SAMO,100,95,35,80,65,NA,NA,willow,NA
2017-07-25T00:00:00Z,WK,1,WK1,SAMO,60,90,60,110,85,E,9,willow,NA
2017-07-25T00:00:00Z,WK,1,WK1,SAMO,5,150,110,125,115,E,4,willow,NA
2017-07-25T00:00:00Z,WK,1,WK1,SAMO,100,40,30,75,65,NA,NA,willow,NA
2017-07-25T00:00:00Z,WK,1,WK1,SAMO,95,105,80,100,95,NA,NA,willow,NA
2017-07-25T00:00:00Z,WK,1,WK1,SAMO,5,225,140,125,110,W,5,willow,NA
2017-07-25T00:00:00Z,WK,1,WK1,SAMO,20,140,130,120,105,S,19,willow,NA
2017-07-25T00:00:00Z,WK,1,WK1,SAPL,75,140,100,130,100,E,27,willow,NA
2017-07-25T00:00:00Z,WK,1,WK1,SAWO,100,15,10,25,20,NA,NA,willow,NA
2017-07-25T00:00:00Z,WK,1,WK1,SAWO,100,25,20,65,60,E,2,willow,NA
2017-07-25T00:00:00Z,WK,1,WK1,SAWO,100,40,20,30,20,NA,NA,willow,NA
2017-07-25T00:00:00Z,WK,1,WK1,SAWO,60,65,65,80,70,NA,NA,willow,NA
2017-07-25T00:00:00Z,WK,1,WK1,SAWO,100,75,40,60,50,N,2,willow,NA
2017-07-25T00:00:00Z,WK,1,WK1,SAWO,100,40,40,50,45,NA,NA,willow,NA
2017-07-25T00:00:00Z,WK,1,WK1,SAWO,100,45,25,45,35,N,15,willow,NA
2017-07-25T00:00:00Z,WK,1,WK1,SAWO,100,30,20,40,35,N,5,willow,NA
2017-07-25T00:00:00Z,WK,1,WK1,SAWO,10,105,90,55,45,N,14,willow,NA
2017-07-25T00:00:00Z,WK,1,WK1,SAWO,75,70,60,65,55,N,8,willow,NA
2017-07-25T00:00:00Z,WK,1,WK1,SAWO,100,25,20,25,20,NA,NA,willow,NA
2017-07-25T00:00:00Z,WK,1,WK1,SAWO,100,70,50,50,40,NA,NA,willow,NA
2017-07-25T00:00:00Z,WK,1,WK1,SAWO,25,155,65,70,60,S,8,willow,NA
2017-07-25T00:00:00Z,WK,2,WK2,SADR,100,50,45,80,75,NA,NA,willow,NA
2017-07-25T00:00:00Z,WK,2,WK2,SADR,100,70,45,120,95,W,4,willow,NA
2017-07-25T00:00:00Z,WK,2,WK2,SAMO,60,225,210,100,95,N,2,willow,NA
2017-07-21T00:00:00Z,WK,4,WK4,BEGL,100,25,10,45,40,E,2,nonwillow,NA
2017-07-21T00:00:00Z,WK,4,WK4,BEGL,30,35,25,55,50,N,1,nonwillow,NA
2017-07-21T00:00:00Z,WK,4,WK4,DAFR,60,6,20,80,70,W,10,nonwillow,NA
2017-07-21T00:00:00Z,WK,4,WK4,DAFR,100,30,25,45,40,S,9,nonwillow,NA
2017-07-21T00:00:00Z,WK,4,WK4,DAFR,100,100,90,75,70,E,2,nonwillow,NA
2017-07-21T00:00:00Z,WK,4,WK4,DAFR,5,40,25,55,50,E,2,nonwillow,NA
2017-07-21T00:00:00Z,WK,4,WK4,DAFR,40,85,75,75,70,E,17,nonwillow,NA
2017-07-21T00:00:00Z,WK,4,WK4,DAFR,100,65,35,50,45,NA,NA,nonwillow,NA
2017-07-21T00:00:00Z,WK,4,WK4,DAFR,100,40,40,45,40,NA,NA,nonwillow,NA
2017-07-21T00:00:00Z,WK,4,WK4,DAFR,100,25,25,35,30,NA,NA,nonwillow,NA
2017-07-21T00:00:00Z,WK,4,WK4,DAFR,95,110,75,75,60,NA,NA,nonwillow,NA
2017-07-21T00:00:00Z,WK,4,WK4,DAFR,20,60,60,60,50,N,2,nonwillow,NA
2017-07-21T00:00:00Z,WK,4,WK4,DAFR,100,60,40,60,50,N,19,nonwillow,NA
2017-07-21T00:00:00Z,WK,4,WK4,DAFR,100,80,40,60,55,NA,NA,nonwillow,NA
2017-07-21T00:00:00Z,WK,4,WK4,DAFR,50,45,30,45,40,NA,NA,nonwillow,NA
2017-07-21T00:00:00Z,WK,4,WK4,DAFR,100,50,50,50,45,NA,NA,nonwillow,NA
2017-07-21T00:00:00Z,WK,4,WK4,DAFR,100,65,60,85,75,NA,NA,nonwillow,NA
2017-07-21T00:00:00Z,WK,4,WK4,DAFR,100,15,5,30,25,NA,NA,nonwillow,NA
2017-07-21T00:00:00Z,WK,4,WK4,DAFR,100,130,70,70,65,NA,NA,nonwillow,NA
2017-07-21T00:00:00Z,WK,4,WK4,DAFR,100,35,20,40,35,NA,NA,nonwillow,NA
2017-07-21T00:00:00Z,WK,4,WK4,SADR,95,50,40,50,40,NA,NA,willow,NA
2017-07-21T00:00:00Z,WK,4,WK4,SAMO,100,30,15,35,30,NA,NA,willow,NA
2017-07-21T00:00:00Z,WK,4,WK4,SAMO,100,15,15,30,20,NA,NA,willow,NA
2017-07-21T00:00:00Z,WK,4,WK4,SAMO,100,110,100,60,50,NA,NA,willow,NA
2017-07-21T00:00:00Z,WK,4,WK4,SAPL,80,35,30,60,50,W,5,willow,NA
2017-07-21T00:00:00Z,WK,4,WK4,SAPL,95,100,80,45,40,NA,NA,willow,NA
2017-07-21T00:00:00Z,WK,4,WK4,SAPL,95,100,50,50,40,NA,NA,willow,NA
2017-07-21T00:00:00Z,WK,4,WK4,SAPL,30,75,60,50,40,NA,NA,willow,NA
2017-07-21T00:00:00Z,WK,4,WK4,SAPL,100,35,30,30,25,NA,NA,willow,NA
2017-07-21T00:00:00Z,WK,4,WK4,SAPL,100,35,20,40,35,NA,NA,willow,NA
2017-07-21T00:00:00Z,WK,4,WK4,SAPL,95,105,60,55,40,S,32,willow,NA
2017-07-21T00:00:00Z,WK,4,WK4,SAPL,100,50,20,45,40,NA,NA,willow,NA
2017-07-21T00:00:00Z,WK,4,WK4,SAPL,100,75,40,50,45,NA,NA,willow,NA
2017-07-21T00:00:00Z,WK,4,WK4,SAPL,100,90,35,55,40,NA,NA,willow,NA
2017-07-21T00:00:00Z,WK,4,WK4,SAPL,95,155,155,60,55,E,13,willow,NA
2017-07-21T00:00:00Z,WK,4,WK4,SAPL,100,5,5,10,5,E,1,willow,NA
2017-07-21T00:00:00Z,WK,4,WK4,SAPL,100,20,20,40,35,E,7,willow,NA
2017-07-21T00:00:00Z,WK,4,WK4,SAPL,50,50,25,35,30,E,9,willow,NA
2017-07-21T00:00:00Z,WK,4,WK4,SAPL,60,50,35,40,35,E,21,willow,NA
2017-07-21T00:00:00Z,WK,4,WK4,SAPL,80,70,60,35,30,E,17,willow,NA
2017-07-21T00:00:00Z,WK,4,WK4,SAPL,100,45,25,45,35,NA,NA,willow,NA
2017-07-21T00:00:00Z,WK,4,WK4,SAPL,100,45,45,50,45,NA,NA,willow,NA
2017-07-21T00:00:00Z,WK,4,WK4,SAPL,100,85,55,50,40,NA,NA,willow,NA
2017-07-21T00:00:00Z,WK,4,WK4,SAPL,100,40,25,40,30,NA,NA,willow,NA
2017-07-21T00:00:00Z,WK,4,WK4,SAPL,100,10,5,10,5,NA,NA,willow,NA
2017-07-21T00:00:00Z,WK,4,WK4,SAPL,95,145,85,45,40,NA,NA,willow,NA
2017-07-21T00:00:00Z,WK,4,WK4,SAPL,100,45,15,30,25,NA,NA,willow,NA
2017-07-21T00:00:00Z,WK,4,WK4,SAPL,100,15,10,25,20,N,2,willow,NA
2017-07-21T00:00:00Z,WK,4,WK4,SAPL,100,30,20,30,25,N,2,willow,NA
2017-07-21T00:00:00Z,WK,4,WK4,SAPL,100,10,5,10,5,N,1,willow,NA
2017-07-21T00:00:00Z,WK,4,WK4,SAPL,100,5,5,25,20,N,1,willow,NA
2017-07-21T00:00:00Z,WK,4,WK4,SAPL,100,5,5,20,15,N,1,willow,NA
2017-07-21T00:00:00Z,WK,4,WK4,SAPL,95,30,25,60,50,N,7,willow,NA
2017-07-21T00:00:00Z,WK,4,WK4,SAPL,10,85,60,60,50,N,6,willow,NA
2017-07-21T00:00:00Z,WK,4,WK4,SAPL,25,35,25,50,40,N,3,willow,NA
2017-07-21T00:00:00Z,WK,4,WK4,SAPL,50,40,40,50,40,N,6,willow,NA
2017-07-21T00:00:00Z,WK,4,WK4,SAPL,60,125,85,35,30,N,51,willow,NA
2017-07-21T00:00:00Z,WK,4,WK4,SAPL,100,35,30,40,35,NA,NA,willow,NA
2017-07-21T00:00:00Z,WK,4,WK4,SAPL,100,60,50,45,35,NA,NA,willow,NA
2017-07-21T00:00:00Z,WK,4,WK4,SAPL,100,130,80,70,65,NA,NA,willow,NA
2017-07-21T00:00:00Z,WK,4,WK4,SAPL,100,35,35,50,40,NA,NA,willow,NA
2017-07-21T00:00:00Z,WK,4,WK4,SAPL,100,20,20,40,30,NA,NA,willow,NA
2017-07-25T00:00:00Z,WK,5,WK5,SADR,100,45,35,65,55,NA,NA,willow,NA
2017-07-25T00:00:00Z,WK,5,WK5,SADR,100,25,20,45,30,N,7,willow,NA
2017-07-25T00:00:00Z,WK,5,WK5,SADR,100,75,60,75,60,N,33,willow,NA
2017-07-25T00:00:00Z,WK,5,WK5,SADR,5,85,45,85,70,N,2,willow,NA
2017-07-25T00:00:00Z,WK,5,WK5,SADR,100,45,40,70,50,N,13,willow,NA
2017-07-25T00:00:00Z,WK,5,WK5,SADR,100,40,35,70,50,NA,NA,willow,NA
2017-07-25T00:00:00Z,WK,5,WK5,SADR,100,25,20,55,40,NA,NA,willow,NA
2017-07-25T00:00:00Z,WK,5,WK5,SADR,100,45,20,85,80,NA,NA,willow,NA
2017-07-25T00:00:00Z,WK,5,WK5,SADR,100,35,30,60,50,NA,NA,willow,NA
2017-07-25T00:00:00Z,WK,5,WK5,SADR,100,60,55,70,50,NA,NA,willow,NA
2017-07-25T00:00:00Z,WK,5,WK5,SADR,100,60,50,70,65,NA,NA,willow,NA
2017-07-25T00:00:00Z,WK,5,WK5,SADR,60,60,55,65,60,NA,NA,willow,NA
2017-07-25T00:00:00Z,WK,5,WK5,SAMO,100,40,35,65,35,E,4,willow,NA
2017-07-25T00:00:00Z,WK,5,WK5,SAMO,100,25,20,30,25,NA,NA,willow,NA
2017-07-25T00:00:00Z,WK,5,WK5,SAMO,40,100,40,65,65,N,2,willow,NA
2017-07-25T00:00:00Z,WK,5,WK5,SAMO,30,85,30,50,35,N,8,willow,NA
2017-07-25T00:00:00Z,WK,5,WK5,SAMO,100,40,35,60,45,N,5,willow,NA
2017-07-25T00:00:00Z,WK,5,WK5,SAMO,100,85,65,75,70,NA,NA,willow,NA
2017-07-25T00:00:00Z,WK,5,WK5,SAMO,95,85,70,100,85,NA,NA,willow,NA
2017-07-25T00:00:00Z,WK,5,WK5,SAPL,100,50,35,90,85,W,7,willow,NA
2017-07-25T00:00:00Z,WK,5,WK5,SAPL,75,90,90,105,95,W,21,willow,NA
2017-07-25T00:00:00Z,WK,5,WK5,SAPL,25,85,85,105,105,W,11,willow,NA
2017-07-25T00:00:00Z,WK,6,WK6,ALIN,95,180,175,255,250,E,8,nonwillow,NA
2017-07-25T00:00:00Z,WK,6,WK6,ALIN,40,95,75,230,230,N,11,nonwillow,NA
2017-07-25T00:00:00Z,WK,6,WK6,ALIN,20,235,195,180,165,N,2,nonwillow,NA
2017-07-25T00:00:00Z,WK,6,WK6,LOIN,100,20,15,25,25,NA,NA,nonwillow,NA
2017-07-25T00:00:00Z,WK,6,WK6,ROWO,20,15,10,20,15,W,1,nonwillow,NA
2017-07-25T00:00:00Z,WK,6,WK6,ROWO,100,15,10,20,15,NA,NA,nonwillow,NA
2017-07-25T00:00:00Z,WK,6,WK6,ROWO,100,20,15,15,15,NA,NA,nonwillow,NA
2017-07-25T00:00:00Z,WK,6,WK6,ROWO,100,20,15,45,25,NA,NA,nonwillow,NA
2017-07-25T00:00:00Z,WK,6,WK6,ROWO,100,5,5,5,5,NA,NA,nonwillow,NA
2017-07-25T00:00:00Z,WK,6,WK6,ROWO,100,10,5,5,5,E,1,nonwillow,NA
2017-07-25T00:00:00Z,WK,6,WK6,ROWO,100,15,10,25,20,E,1,nonwillow,NA
2017-07-25T00:00:00Z,WK,6,WK6,ROWO,100,10,5,15,10,NA,NA,nonwillow,NA
2017-07-25T00:00:00Z,WK,6,WK6,ROWO,100,10,5,10,5,NA,NA,nonwillow,NA
2017-07-25T00:00:00Z,WK,6,WK6,ROWO,100,10,5,15,15,NA,NA,nonwillow,NA
2017-07-25T00:00:00Z,WK,6,WK6,ROWO,100,5,5,10,10,NA,NA,nonwillow,NA
2017-07-25T00:00:00Z,WK,6,WK6,ROWO,100,10,5,10,10,NA,NA,nonwillow,NA
2017-07-25T00:00:00Z,WK,6,WK6,ROWO,100,5,5,5,5,NA,NA,nonwillow,NA
2017-07-25T00:00:00Z,WK,6,WK6,ROWO,100,5,5,5,5,NA,NA,nonwillow,NA
2017-07-25T00:00:00Z,WK,6,WK6,ROWO,100,10,5,15,15,NA,NA,nonwillow,NA
2017-07-25T00:00:00Z,WK,6,WK6,ROWO,100,5,5,5,5,NA,NA,nonwillow,NA
2017-07-25T00:00:00Z,WK,6,WK6,ROWO,100,5,5,10,10,NA,NA,nonwillow,NA
2017-07-25T00:00:00Z,WK,6,WK6,ROWO,100,5,5,5,5,NA,NA,nonwillow,NA
2017-07-25T00:00:00Z,WK,6,WK6,ROWO,100,10,5,10,10,NA,NA,nonwillow,NA
2017-07-25T00:00:00Z,WK,6,WK6,ROWO,100,5,5,5,5,NA,NA,nonwillow,NA
2017-07-25T00:00:00Z,WK,6,WK6,ROWO,100,15,10,15,15,NA,NA,nonwillow,NA
2017-07-25T00:00:00Z,WK,6,WK6,ROWO,100,15,15,15,15,NA,NA,nonwillow,NA
2017-07-25T00:00:00Z,WK,6,WK6,ROWO,100,10,10,15,10,NA,NA,nonwillow,NA
2017-07-25T00:00:00Z,WK,6,WK6,ROWO,100,15,10,15,10,NA,NA,nonwillow,NA
2017-07-25T00:00:00Z,WK,6,WK6,ROWO,100,15,10,20,15,NA,NA,nonwillow,NA
2017-07-25T00:00:00Z,WK,6,WK6,ROWO,100,25,10,25,20,NA,NA,nonwillow,NA
2017-07-25T00:00:00Z,WK,6,WK6,ROWO,100,10,5,10,10,NA,NA,nonwillow,NA
2017-07-25T00:00:00Z,WK,6,WK6,ROWO,100,10,5,20,5,NA,NA,nonwillow,NA
2017-07-25T00:00:00Z,WK,6,WK6,ROWO,100,10,5,10,10,NA,NA,nonwillow,NA
2017-07-25T00:00:00Z,WK,6,WK6,ROWO,100,20,10,15,15,N,2,nonwillow,NA
2017-07-25T00:00:00Z,WK,6,WK6,ROWO,100,10,10,10,10,N,1,nonwillow,NA
2017-07-25T00:00:00Z,WK,6,WK6,ROWO,100,15,10,25,25,N,1,nonwillow,NA
2017-07-25T00:00:00Z,WK,6,WK6,ROWO,100,10,5,15,10,NA,NA,nonwillow,NA
2017-07-25T00:00:00Z,WK,6,WK6,ROWO,100,15,5,20,20,NA,NA,nonwillow,NA
2017-07-25T00:00:00Z,WK,6,WK6,ROWO,100,10,5,10,10,NA,NA,nonwillow,NA
2017-07-25T00:00:00Z,WK,6,WK6,ROWO,100,10,5,10,5,NA,NA,nonwillow,NA
2017-07-25T00:00:00Z,WK,6,WK6,ROWO,100,10,5,15,10,NA,NA,nonwillow,NA
2017-07-25T00:00:00Z,WK,6,WK6,ROWO,100,15,10,20,10,NA,NA,nonwillow,NA
2017-07-25T00:00:00Z,WK,6,WK6,ROWO,100,10,5,15,5,NA,NA,nonwillow,NA
2017-07-25T00:00:00Z,WK,6,WK6,ROWO,100,10,5,10,10,NA,NA,nonwillow,NA
2017-07-25T00:00:00Z,WK,6,WK6,ROWO,100,10,10,10,10,NA,NA,nonwillow,NA
2017-07-25T00:00:00Z,WK,6,WK6,ROWO,100,10,5,10,10,NA,NA,nonwillow,NA
2017-07-25T00:00:00Z,WK,6,WK6,ROWO,50,20,15,20,15,NA,NA,nonwillow,NA
2017-07-25T00:00:00Z,WK,6,WK6,ROWO,100,15,10,15,15,NA,NA,nonwillow,NA
2017-07-25T00:00:00Z,WK,6,WK6,ROWO,100,10,10,10,10,NA,NA,nonwillow,NA
2017-07-25T00:00:00Z,WK,6,WK6,ROWO,100,15,10,15,10,NA,NA,nonwillow,NA
2017-07-25T00:00:00Z,WK,6,WK6,ROWO,100,20,20,20,20,NA,NA,nonwillow,NA
2017-07-25T00:00:00Z,WK,6,WK6,ROWO,100,15,10,15,15,NA,NA,nonwillow,NA
2017-07-25T00:00:00Z,WK,6,WK6,ROWO,100,15,10,20,20,NA,NA,nonwillow,NA
2017-07-25T00:00:00Z,WK,6,WK6,ROWO,100,20,10,20,15,NA,NA,nonwillow,NA
2017-07-25T00:00:00Z,WK,6,WK6,ROWO,100,20,15,20,15,NA,NA,nonwillow,NA
2017-07-25T00:00:00Z,WK,6,WK6,ROWO,100,10,5,15,10,NA,NA,nonwillow,NA
2017-07-25T00:00:00Z,WK,6,WK6,ROWO,100,10,5,15,10,NA,NA,nonwillow,NA
2017-07-25T00:00:00Z,WK,6,WK6,ROWO,100,5,5,10,5,NA,NA,nonwillow,NA
2017-07-25T00:00:00Z,WK,6,WK6,ROWO,100,10,5,20,20,NA,NA,nonwillow,NA
2017-07-25T00:00:00Z,WK,6,WK6,ROWO,100,15,10,15,10,NA,NA,nonwillow,NA
2017-07-25T00:00:00Z,WK,6,WK6,ROWO,100,15,5,5,5,NA,NA,nonwillow,NA
2017-07-25T00:00:00Z,WK,6,WK6,ROWO,100,5,5,20,20,W,1,nonwillow,NA
2017-07-25T00:00:00Z,WK,6,WK6,ROWO,100,15,10,10,5,NA,NA,nonwillow,NA
2017-07-25T00:00:00Z,WK,6,WK6,ROWO,100,30,15,20,15,NA,NA,nonwillow,NA
2017-07-25T00:00:00Z,WK,6,WK6,ROWO,100,10,5,10,10,NA,NA,nonwillow,NA
2017-07-25T00:00:00Z,WK,6,WK6,ROWO,100,20,10,10,10,NA,NA,nonwillow,NA
2017-07-25T00:00:00Z,WK,6,WK6,ROWO,100,5,5,5,5,NA,NA,nonwillow,NA
2017-07-25T00:00:00Z,WK,6,WK6,ROWO,100,10,5,5,5,NA,NA,nonwillow,NA
2017-07-25T00:00:00Z,WK,6,WK6,ROWO,100,10,10,10,10,NA,NA,nonwillow,NA
2017-07-25T00:00:00Z,WK,6,WK6,ROWO,100,20,10,10,10,NA,NA,nonwillow,NA
2017-07-25T00:00:00Z,WK,6,WK6,ROWO,100,10,10,10,10,NA,NA,nonwillow,NA
2017-07-25T00:00:00Z,WK,6,WK6,ROWO,100,5,5,10,10,NA,NA,nonwillow,NA
2017-07-25T00:00:00Z,WK,6,WK6,ROWO,100,5,5,5,5,NA,NA,nonwillow,NA
2017-07-25T00:00:00Z,WK,6,WK6,ROWO,100,10,5,10,10,NA,NA,nonwillow,NA
2017-07-25T00:00:00Z,WK,6,WK6,ROWO,100,10,10,15,10,NA,NA,nonwillow,NA
2017-07-25T00:00:00Z,WK,6,WK6,ROWO,100,25,15,10,10,NA,NA,nonwillow,NA
2017-07-25T00:00:00Z,WK,6,WK6,ROWO,100,20,20,15,15,NA,NA,nonwillow,NA
2017-07-25T00:00:00Z,WK,6,WK6,ROWO,100,10,5,10,10,NA,NA,nonwillow,NA
2017-07-25T00:00:00Z,WK,6,WK6,ROWO,100,10,5,10,10,NA,NA,nonwillow,NA
2017-07-25T00:00:00Z,WK,6,WK6,ROWO,100,5,5,5,5,NA,NA,nonwillow,NA
2017-07-25T00:00:00Z,WK,6,WK6,ROWO,100,10,15,15,15,NA,NA,nonwillow,NA
2017-07-25T00:00:00Z,WK,6,WK6,ROWO,100,10,10,10,5,NA,NA,nonwillow,NA
2017-07-25T00:00:00Z,WK,6,WK6,ROWO,100,35,15,25,15,NA,NA,nonwillow,NA
2017-07-25T00:00:00Z,WK,6,WK6,ROWO,100,10,5,5,5,NA,NA,nonwillow,NA
2017-07-25T00:00:00Z,WK,6,WK6,ROWO,100,10,5,15,15,NA,NA,nonwillow,NA
2017-07-25T00:00:00Z,WK,6,WK6,ROWO,100,15,10,10,10,NA,NA,nonwillow,NA
2017-07-25T00:00:00Z,WK,6,WK6,ROWO,100,10,5,10,10,NA,NA,nonwillow,NA
2017-07-25T00:00:00Z,WK,6,WK6,ROWO,100,10,5,15,15,NA,NA,nonwillow,NA
2017-07-25T00:00:00Z,WK,6,WK6,ROWO,100,5,5,10,10,NA,NA,nonwillow,NA
2017-07-25T00:00:00Z,WK,6,WK6,ROWO,100,10,5,10,10,NA,NA,nonwillow,NA
2017-07-25T00:00:00Z,WK,6,WK6,ROWO,100,10,5,15,15,NA,NA,nonwillow,NA
2017-07-25T00:00:00Z,WK,6,WK6,ROWO,100,5,5,10,10,NA,NA,nonwillow,NA
2017-07-25T00:00:00Z,WK,6,WK6,ROWO,100,15,10,10,10,NA,NA,nonwillow,NA
2017-07-25T00:00:00Z,WK,6,WK6,ROWO,100,15,10,10,10,NA,NA,nonwillow,NA
2017-07-25T00:00:00Z,WK,6,WK6,ROWO,100,5,5,10,10,NA,NA,nonwillow,NA
2017-07-25T00:00:00Z,WK,6,WK6,ROWO,100,10,5,5,5,NA,NA,nonwillow,NA
2017-07-25T00:00:00Z,WK,6,WK6,ROWO,100,10,5,10,10,NA,NA,nonwillow,NA
2017-07-25T00:00:00Z,WK,6,WK6,ROWO,100,10,5,10,10,NA,NA,nonwillow,NA
2017-07-25T00:00:00Z,WK,6,WK6,ROWO,100,15,10,10,10,NA,NA,nonwillow,NA
2017-07-25T00:00:00Z,WK,6,WK6,ROWO,100,25,15,10,10,NA,NA,nonwillow,NA
2017-07-25T00:00:00Z,WK,6,WK6,ROWO,100,5,5,5,5,NA,NA,nonwillow,NA
2017-07-25T00:00:00Z,WK,6,WK6,ROWO,100,10,5,10,10,NA,NA,nonwillow,NA
2017-07-25T00:00:00Z,WK,6,WK6,SADR,100,65,40,65,50,S,1,willow,NA
2017-07-25T00:00:00Z,WK,6,WK6,SADR,100,80,60,85,75,S,2,willow,NA
2017-07-25T00:00:00Z,WK,6,WK6,SADR,50,170,125,115,90,NA,NA,willow,NA
2017-07-25T00:00:00Z,WK,6,WK6,SADR,100,55,25,145,95,NA,NA,willow,NA
2017-07-25T00:00:00Z,WK,6,WK6,SADR,100,40,20,40,30,NA,NA,willow,NA
2017-07-25T00:00:00Z,WK,6,WK6,SADR,100,30,15,45,35,NA,NA,willow,NA
2017-07-25T00:00:00Z,WK,6,WK6,SADR,100,40,30,60,50,NA,NA,willow,NA
2017-07-25T00:00:00Z,WK,6,WK6,SAMO,100,40,15,75,60,E,1,willow,NA
2017-07-21T00:00:00Z,WK,7,WK7,SADR,60,35,25,55,35,NA,NA,willow,NA
2017-07-21T00:00:00Z,WK,7,WK7,SADR,100,15,5,20,15,NA,NA,willow,NA
2017-07-21T00:00:00Z,WK,7,WK7,SADR,5,65,30,55,50,NA,NA,willow,NA
2017-07-21T00:00:00Z,WK,7,WK7,SADR,60,20,10,25,20,NA,NA,willow,NA
2017-07-21T00:00:00Z,WK,7,WK7,SADR,100,10,5,40,35,NA,NA,willow,NA
2017-07-21T00:00:00Z,WK,7,WK7,SADR,100,80,45,50,40,NA,NA,willow,NA
2017-07-21T00:00:00Z,WK,7,WK7,SAMO,100,10,5,20,15,E,1,willow,NA
2017-07-21T00:00:00Z,WK,7,WK7,SAMO,100,25,5,20,10,NA,NA,willow,NA
2017-07-21T00:00:00Z,WK,7,WK7,SAMO,100,10,5,20,20,NA,NA,willow,NA
2017-07-21T00:00:00Z,WK,8,WK8,BEGL,10,55,55,35,30,W,5,nonwillow,NA
2017-07-21T00:00:00Z,WK,8,WK8,BEGL,1,55,45,30,30,W,2,nonwillow,NA
2017-07-21T00:00:00Z,WK,8,WK8,BEGL,100,105,60,55,50,NA,NA,nonwillow,NA
2017-07-21T00:00:00Z,WK,8,WK8,SADR,100,60,50,55,50,NA,NA,willow,NA
2017-07-21T00:00:00Z,WK,8,WK8,SADR,5,75,50,70,50,NA,NA,willow,NA
2017-07-21T00:00:00Z,WK,8,WK8,SADR,100,50,30,40,35,NA,NA,willow,NA
2017-07-21T00:00:00Z,WK,8,WK8,SADR,100,25,10,35,30,E,6,willow,NA
2017-07-21T00:00:00Z,WK,8,WK8,SADR,50,20,5,25,20,E,2,willow,NA
2017-07-21T00:00:00Z,WK,8,WK8,SADR,100,25,20,50,35,E,2,willow,NA
2017-07-21T00:00:00Z,WK,8,WK8,SADR,50,50,50,60,55,E,5,willow,NA
2017-07-21T00:00:00Z,WK,8,WK8,SADR,50,160,135,100,90,N,38,willow,NA
2017-07-21T00:00:00Z,WK,8,WK8,SADR,100,30,30,35,30,NA,NA,willow,NA
2017-07-21T00:00:00Z,WK,8,WK8,SADR,100,40,30,65,60,NA,NA,willow,NA
2017-07-21T00:00:00Z,WK,8,WK8,SAMO,100,30,25,15,15,NA,NA,willow,NA
2017-07-21T00:00:00Z,WK,8,WK8,SAMO,100,65,50,20,20,NA,NA,willow,NA
2017-07-21T00:00:00Z,WK,8,WK8,SAMO,100,50,25,30,25,NA,NA,willow,NA
2017-07-21T00:00:00Z,WK,8,WK8,SAMO,100,25,15,20,15,NA,NA,willow,NA
2017-07-21T00:00:00Z,WK,8,WK8,SAMO,100,15,15,15,10,NA,NA,willow,NA
2017-07-21T00:00:00Z,WK,8,WK8,SAPL,10,45,35,35,30,W,8,willow,NA
2017-07-21T00:00:00Z,WK,8,WK8,SAPL,100,45,35,40,35,NA,NA,willow,NA
2017-07-21T00:00:00Z,WK,8,WK8,SAPL,50,60,50,30,20,E,15,willow,NA
2017-07-21T00:00:00Z,WK,8,WK8,SAPL,100,80,45,40,30,E,20,willow,NA
2017-07-21T00:00:00Z,WK,8,WK8,SAPL,100,40,30,25,25,NA,NA,willow,NA
2017-07-21T00:00:00Z,WK,8,WK8,SAPL,100,15,10,10,5,NA,NA,willow,NA
2017-07-21T00:00:00Z,WK,8,WK8,SAPL,100,40,20,30,20,NA,NA,willow,NA
2017-07-21T00:00:00Z,WK,8,WK8,SAPL,20,40,20,20,15,NA,NA,willow,NA
2017-07-21T00:00:00Z,WK,8,WK8,SAPL,100,15,10,15,5,NA,NA,willow,NA
2017-07-21T00:00:00Z,WK,8,WK8,SAPL,100,20,15,30,25,NA,NA,willow,NA
2017-07-21T00:00:00Z,WK,8,WK8,SAPL,100,30,25,25,20,NA,NA,willow,NA
2017-07-21T00:00:00Z,WK,8,WK8,SAPL,40,60,35,40,35,NA,NA,willow,NA
2017-07-21T00:00:00Z,WK,8,WK8,SAPL,100,20,15,35,25,NA,NA,willow,NA
2017-07-21T00:00:00Z,WK,8,WK8,SAPL,100,110,50,55,45,NA,NA,willow,NA
