DATE,SITE_TYPE,SITE_NUMBER,SITE_ID,SPECIES_CODE,PERCENT_PLANT_IN_PLOT,CANOPY_DIA_1_CM,CANOPY_DIA_2_CM,PLANT_HT_CM,HT_TO_TALLEST_BUDSCAR_CM,MICROPLOT_ID,NUMBER_STEMS_IN_MICROPLOT,GENUS
2008-10-14T00:00:00Z,WC,1,WC1,DAFR,90,60,50,60,NA,E,NA,nonwillow
2008-10-14T00:00:00Z,WC,1,WC1,SAMO,100,35,30,40,NA,N,4,willow
2008-10-14T00:00:00Z,WC,1,WC1,SAMO,5,40,40,55,NA,N,1,willow
2008-10-14T00:00:00Z,WC,1,WC1,SAMO,100,20,15,37,NA,N,2,willow
2008-10-14T00:00:00Z,WC,1,WC1,SAMO,100,20,20,45,NA,N,3,willow
2008-10-14T00:00:00Z,WC,1,WC1,SAMO,100,85,70,120,NA,N,NA,willow
2008-10-14T00:00:00Z,WC,1,WC1,SAMO,100,60,40,70,NA,N,NA,willow
2008-10-14T00:00:00Z,WC,1,WC1,SAMO,100,50,50,60,NA,N,NA,willow
2008-10-14T00:00:00Z,WC,1,WC1,SAMO,100,35,30,40,NA,N,NA,willow
2008-10-14T00:00:00Z,WC,1,WC1,SAMO,100,50,30,35,NA,N,NA,willow
2008-10-14T00:00:00Z,WC,1,WC1,SAMO,100,25,20,50,NA,E,2,willow
2008-10-14T00:00:00Z,WC,1,WC1,SAMO,100,50,35,55,NA,E,6,willow
2008-10-14T00:00:00Z,WC,1,WC1,SAMO,100,55,30,70,NA,E,9,willow
2008-10-14T00:00:00Z,WC,1,WC1,SAMO,100,80,65,60,NA,NA,NA,willow
2008-10-14T00:00:00Z,WC,1,WC1,SAMO,100,15,15,50,NA,NA,NA,willow
2008-10-14T00:00:00Z,WC,1,WC1,SAMO,100,50,50,70,NA,NA,NA,willow
2008-10-14T00:00:00Z,WC,1,WC1,SAMO,100,100,70,65,NA,W,20,willow
2008-10-14T00:00:00Z,WC,1,WC1,SAPL,100,70,60,70,NA,N,6,willow
2008-10-14T00:00:00Z,WC,2,WC2,BEGL,100,45,50,30,NA,NA,NA,nonwillow
2008-10-14T00:00:00Z,WC,2,WC2,DAFR,100,135,100,75,NA,NA,NA,nonwillow
2008-10-14T00:00:00Z,WC,2,WC2,DAFR,100,25,15,50,NA,NA,NA,nonwillow
2008-10-14T00:00:00Z,WC,2,WC2,DAFR,100,40,40,55,NA,NA,NA,nonwillow
2008-10-14T00:00:00Z,WC,2,WC2,DAFR,100,55,20,60,NA,NA,NA,nonwillow
2008-10-14T00:00:00Z,WC,2,WC2,DAFR,50,130,130,100,NA,W,NA,nonwillow
2008-10-14T00:00:00Z,WC,2,WC2,DAFR,28,90,90,80,NA,NA,NA,nonwillow
2008-10-14T00:00:00Z,WC,2,WC2,DAFR,100,70,70,80,NA,NA,NA,nonwillow
2008-10-14T00:00:00Z,WC,2,WC2,SAMO,100,30,45,90,NA,NA,NA,willow
2008-10-14T00:00:00Z,WC,2,WC2,SAMO,90,25,30,55,NA,NA,NA,willow
2008-10-14T00:00:00Z,WC,2,WC2,SAMO,100,15,10,40,NA,NA,NA,willow
2008-10-14T00:00:00Z,WC,2,WC2,SAMO,90,30,20,30,NA,NA,NA,willow
2008-10-14T00:00:00Z,WC,2,WC2,SAMO,2,40,40,30,NA,NA,NA,willow
2008-10-14T00:00:00Z,WC,2,WC2,SAMO,100,25,20,40,NA,E,5,willow
2008-10-14T00:00:00Z,WC,2,WC2,SAMO,100,20,15,50,NA,E,4,willow
2008-10-14T00:00:00Z,WC,2,WC2,SAMO,100,10,5,50,NA,E,2,willow
2008-10-14T00:00:00Z,WC,2,WC2,SAMO,100,5,5,30,NA,NA,NA,willow
2008-10-14T00:00:00Z,WC,2,WC2,SAMO,100,40,30,70,NA,NA,NA,willow
2008-10-14T00:00:00Z,WC,2,WC2,SAMO,100,60,45,55,NA,NA,NA,willow
2008-10-14T00:00:00Z,WC,2,WC2,SAMO,100,30,30,55,NA,NA,NA,willow
2008-10-14T00:00:00Z,WC,2,WC2,SAMO,100,40,45,65,NA,NA,NA,willow
2008-10-14T00:00:00Z,WC,2,WC2,SAMO,100,30,25,80,NA,NA,NA,willow
2008-10-14T00:00:00Z,WC,2,WC2,SAMO,100,60,50,65,NA,NA,NA,willow
2008-10-14T00:00:00Z,WC,2,WC2,SAMO,100,40,35,65,NA,NA,NA,willow
2008-10-14T00:00:00Z,WC,2,WC2,SAMO,100,80,60,75,NA,NA,NA,willow
2008-10-14T00:00:00Z,WC,2,WC2,SAMO,100,30,85,75,NA,NA,NA,willow
2008-10-14T00:00:00Z,WC,2,WC2,SAMO,100,25,20,50,NA,NA,NA,willow
2008-10-14T00:00:00Z,WC,2,WC2,SAMO,100,30,30,40,NA,NA,NA,willow
2008-10-14T00:00:00Z,WC,2,WC2,SAMO,100,25,40,65,NA,NA,NA,willow
2008-10-14T00:00:00Z,WC,2,WC2,SAMO,100,30,20,80,NA,W,1,willow
2008-10-14T00:00:00Z,WC,2,WC2,SAMO,100,30,25,60,NA,W,3,willow
2008-10-14T00:00:00Z,WC,2,WC2,SAMO,100,30,20,60,NA,W,2,willow
2008-10-14T00:00:00Z,WC,2,WC2,SAMO,100,50,30,100,NA,W,1,willow
2008-10-14T00:00:00Z,WC,2,WC2,SAMO,100,70,50,100,NA,W,3,willow
2008-10-14T00:00:00Z,WC,2,WC2,SAMO,100,45,50,60,NA,W,4,willow
2008-10-14T00:00:00Z,WC,2,WC2,SAMO,50,25,15,60,NA,W,2,willow
2008-10-14T00:00:00Z,WC,2,WC2,SAMO,100,35,25,60,NA,W,2,willow
2008-10-14T00:00:00Z,WC,2,WC2,SAMO,100,60,60,90,NA,W,6,willow
2008-10-14T00:00:00Z,WC,2,WC2,SAMO,100,10,10,35,NA,NA,NA,willow
2008-10-14T00:00:00Z,WC,2,WC2,SAMO,100,15,15,20,NA,NA,NA,willow
2008-10-14T00:00:00Z,WC,2,WC2,SAMO,100,30,20,40,NA,NA,NA,willow
2008-10-14T00:00:00Z,WC,2,WC2,SAMO,100,30,25,50,NA,NA,NA,willow
2008-10-14T00:00:00Z,WC,2,WC2,SAMO,100,40,35,50,NA,NA,NA,willow
2008-10-14T00:00:00Z,WC,2,WC2,SAMO,100,10,10,45,NA,NA,NA,willow
2008-10-14T00:00:00Z,WC,2,WC2,SAMO,100,20,10,40,NA,NA,NA,willow
2008-10-14T00:00:00Z,WC,2,WC2,SAMO,100,10,15,35,NA,NA,NA,willow
2008-10-14T00:00:00Z,WC,3,WC3,BEGL,100,50,45,60,NA,NA,NA,nonwillow
2008-10-14T00:00:00Z,WC,3,WC3,BEGL,100,40,30,30,NA,E,NA,nonwillow
2008-10-14T00:00:00Z,WC,3,WC3,BEGL,100,30,25,40,NA,E,NA,nonwillow
2008-10-14T00:00:00Z,WC,3,WC3,DAFR,90,85,100,75,NA,E,NA,nonwillow
2008-10-14T00:00:00Z,WC,3,WC3,DAFR,100,70,45,80,NA,NA,NA,nonwillow
2008-10-14T00:00:00Z,WC,3,WC3,DAFR,100,60,50,100,NA,N,NA,nonwillow
2008-10-14T00:00:00Z,WC,3,WC3,DAFR,70,90,85,95,NA,W,NA,nonwillow
2008-10-14T00:00:00Z,WC,3,WC3,DAFR,100,120,110,95,NA,W,NA,nonwillow
2008-10-14T00:00:00Z,WC,3,WC3,SAGE,100,100,130,130,NA,NA,NA,willow
2008-10-14T00:00:00Z,WC,3,WC3,SAMO,100,30,30,40,NA,S,3,willow
2008-10-14T00:00:00Z,WC,3,WC3,SAMO,100,15,20,25,NA,S,2,willow
2008-10-14T00:00:00Z,WC,3,WC3,SAMO,100,50,50,75,NA,S,5,willow
2008-10-14T00:00:00Z,WC,3,WC3,SAMO,100,35,25,50,NA,NA,NA,willow
2008-10-14T00:00:00Z,WC,3,WC3,SAMO,100,45,40,55,NA,NA,NA,willow
2008-10-14T00:00:00Z,WC,3,WC3,SAMO,100,30,30,70,NA,NA,NA,willow
2008-10-14T00:00:00Z,WC,3,WC3,SAMO,100,25,20,45,NA,NA,NA,willow
2008-10-14T00:00:00Z,WC,3,WC3,SAMO,100,15,15,35,NA,NA,NA,willow
2008-10-14T00:00:00Z,WC,3,WC3,SAMO,100,25,25,40,NA,NA,NA,willow
2008-10-14T00:00:00Z,WC,3,WC3,SAMO,100,55,35,80,NA,NA,NA,willow
2008-10-14T00:00:00Z,WC,3,WC3,SAMO,100,15,10,50,NA,NA,NA,willow
2008-10-14T00:00:00Z,WC,3,WC3,SAMO,100,20,10,35,NA,NA,NA,willow
2008-10-14T00:00:00Z,WC,3,WC3,SAMO,100,35,25,50,NA,NA,NA,willow
2008-10-14T00:00:00Z,WC,3,WC3,SAMO,100,20,25,50,NA,NA,NA,willow
2008-10-14T00:00:00Z,WC,3,WC3,SAMO,100,20,10,55,NA,NA,NA,willow
2008-10-14T00:00:00Z,WC,3,WC3,SAMO,100,40,45,95,NA,NA,NA,willow
2008-10-14T00:00:00Z,WC,3,WC3,SAMO,100,30,25,60,NA,NA,NA,willow
2008-10-14T00:00:00Z,WC,3,WC3,SAMO,100,45,30,75,NA,NA,NA,willow
2008-10-14T00:00:00Z,WC,3,WC3,SAMO,100,40,30,70,NA,NA,NA,willow
2008-10-14T00:00:00Z,WC,3,WC3,SAMO,100,25,20,60,NA,NA,NA,willow
2008-10-14T00:00:00Z,WC,3,WC3,SAMO,100,35,30,55,NA,NA,NA,willow
2008-10-14T00:00:00Z,WC,3,WC3,SAMO,100,40,15,50,NA,N,5,willow
2008-10-14T00:00:00Z,WC,3,WC3,SAMO,80,35,30,80,NA,N,4,willow
2008-10-14T00:00:00Z,WC,3,WC3,SAMO,95,35,30,60,NA,N,3,willow
2008-10-14T00:00:00Z,WC,3,WC3,SAMO,20,70,45,90,NA,N,0,willow
2008-10-14T00:00:00Z,WC,3,WC3,SAMO,100,65,75,90,NA,NA,NA,willow
2008-10-14T00:00:00Z,WC,3,WC3,SAMO,20,120,95,90,NA,NA,NA,willow
2008-10-14T00:00:00Z,WC,3,WC3,SAMO,100,80,40,100,NA,NA,NA,willow
2008-10-14T00:00:00Z,WC,3,WC3,SAMO,100,100,60,105,NA,NA,NA,willow
2008-10-14T00:00:00Z,WC,3,WC3,SAMO,100,15,10,40,NA,NA,NA,willow
2008-10-14T00:00:00Z,WC,3,WC3,SAMO,100,20,20,40,NA,NA,NA,willow
2008-10-14T00:00:00Z,WC,3,WC3,SAMO,100,50,50,80,NA,W,5,willow
2008-10-14T00:00:00Z,WC,3,WC3,SAMO,100,50,25,95,NA,W,3,willow
2008-10-14T00:00:00Z,WC,3,WC3,SAMO,100,55,45,75,NA,W,2,willow
2008-10-14T00:00:00Z,WC,3,WC3,SAMO,50,60,50,90,NA,W,5,willow
2008-10-14T00:00:00Z,WC,3,WC3,SAMO,60,20,15,45,NA,W,NA,willow
2008-10-14T00:00:00Z,WC,3,WC3,SAPL,100,35,25,55,NA,NA,NA,willow
2008-10-14T00:00:00Z,WC,3,WC3,SAPL,100,5,5,60,NA,NA,NA,willow
2008-10-14T00:00:00Z,WC,3,WC3,SAPL,100,35,35,80,NA,W,1,willow
2008-10-14T00:00:00Z,WC,3,WC3,SAPL,40,60,50,95,NA,W,4,willow
2008-10-14T00:00:00Z,WC,4,WC4,DAFR,100,120,150,90,NA,NA,NA,nonwillow
2008-10-14T00:00:00Z,WC,4,WC4,DAFR,100,70,55,80,NA,NA,NA,nonwillow
2008-10-14T00:00:00Z,WC,4,WC4,DAFR,100,85,50,50,NA,NA,NA,nonwillow
2008-10-14T00:00:00Z,WC,4,WC4,SAMO,65,230,200,190,NA,E,50,willow
2008-10-14T00:00:00Z,WC,4,WC4,SAMO,95,110,135,94,NA,E,2,willow
2008-10-14T00:00:00Z,WC,4,WC4,SAMO,100,25,25,30,NA,NA,NA,willow
2008-10-14T00:00:00Z,WC,4,WC4,SAMO,100,90,95,90,NA,NA,NA,willow
2008-10-14T00:00:00Z,WC,4,WC4,SAMO,10,95,80,70,NA,W,2,willow
2008-10-14T00:00:00Z,WC,4,WC4,SAMO,100,35,35,50,NA,W,3,willow
2008-10-14T00:00:00Z,WC,4,WC4,SAMO,95,40,30,60,NA,W,7,willow
2008-10-15T00:00:00Z,WC,5,WC5,SAGE,50,15,15,15,NA,N,NA,willow
2008-10-15T00:00:00Z,WC,5,WC5,SAGE,100,120,100,75,NA,NA,NA,willow
2008-10-15T00:00:00Z,WC,5,WC5,SAMO,100,40,30,40,NA,N,4,willow
2008-10-15T00:00:00Z,WC,5,WC5,SAMO,100,30,35,50,NA,N,5,willow
2008-10-15T00:00:00Z,WC,5,WC5,SAMO,100,5,5,10,NA,N,1,willow
2008-10-15T00:00:00Z,WC,5,WC5,SAMO,100,10,5,10,NA,N,3,willow
2008-10-15T00:00:00Z,WC,5,WC5,SAMO,100,10,10,20,NA,N,2,willow
2008-10-15T00:00:00Z,WC,5,WC5,SAMO,100,35,40,50,NA,N,7,willow
2008-10-15T00:00:00Z,WC,5,WC5,SAMO,100,30,30,40,NA,NA,NA,willow
2008-10-15T00:00:00Z,WC,5,WC5,SAMO,100,25,30,40,NA,N,2,willow
2008-10-15T00:00:00Z,WC,5,WC5,SAMO,100,25,30,45,NA,NA,NA,willow
2008-10-15T00:00:00Z,WC,5,WC5,SAMO,100,30,30,45,NA,NA,NA,willow
2008-10-15T00:00:00Z,WC,5,WC5,SAMO,100,45,25,40,NA,NA,NA,willow
2008-10-15T00:00:00Z,WC,5,WC5,SAMO,100,10,10,10,NA,NA,NA,willow
2008-10-15T00:00:00Z,WC,5,WC5,SAMO,100,15,5,5,NA,NA,NA,willow
2008-10-15T00:00:00Z,WC,5,WC5,SAMO,100,10,5,15,NA,NA,NA,willow
2008-10-15T00:00:00Z,WC,5,WC5,SAMO,20,120,110,140,NA,E,5,willow
2008-10-15T00:00:00Z,WC,5,WC5,SAMO,100,85,80,120,NA,E,5,willow
2008-10-15T00:00:00Z,WC,5,WC5,SAMO,100,45,45,50,NA,E,2,willow
2008-10-15T00:00:00Z,WC,5,WC5,SAMO,100,15,10,15,NA,NA,NA,willow
2008-10-15T00:00:00Z,WC,5,WC5,SAMO,100,25,20,15,NA,NA,NA,willow
2008-10-15T00:00:00Z,WC,5,WC5,SAMO,100,20,15,20,NA,NA,NA,willow
2008-10-15T00:00:00Z,WC,5,WC5,SAMO,100,15,10,10,NA,NA,NA,willow
2008-10-15T00:00:00Z,WC,5,WC5,SAMO,100,30,20,15,NA,NA,NA,willow
2008-10-15T00:00:00Z,WC,5,WC5,SAMO,100,30,35,20,NA,NA,NA,willow
2008-10-15T00:00:00Z,WC,5,WC5,SAMO,100,20,10,10,NA,NA,NA,willow
2008-10-15T00:00:00Z,WC,5,WC5,SAMO,100,15,10,15,NA,NA,NA,willow
2008-10-15T00:00:00Z,WC,5,WC5,SAMO,100,70,40,40,NA,NA,NA,willow
2008-10-15T00:00:00Z,WC,5,WC5,SAMO,100,35,25,60,NA,NA,NA,willow
2008-10-15T00:00:00Z,WC,5,WC5,SAMO,100,25,20,30,NA,S,2,willow
2008-10-15T00:00:00Z,WC,5,WC5,SAMO,100,15,40,50,NA,S,3,willow
2008-10-15T00:00:00Z,WC,5,WC5,SAMO,100,20,20,50,NA,S,3,willow
2008-10-15T00:00:00Z,WC,5,WC5,SAMO,100,35,15,40,NA,S,5,willow
2008-10-15T00:00:00Z,WC,5,WC5,SAMO,100,20,15,25,NA,S,1,willow
2008-10-15T00:00:00Z,WC,5,WC5,SAMO,100,25,20,20,NA,S,3,willow
2008-10-15T00:00:00Z,WC,5,WC5,SAMO,100,15,10,15,NA,S,2,willow
2008-10-15T00:00:00Z,WC,5,WC5,SAMO,100,80,70,70,NA,NA,NA,willow
2008-10-15T00:00:00Z,WC,5,WC5,SAMO,100,45,35,20,NA,NA,NA,willow
2008-10-15T00:00:00Z,WC,5,WC5,SAMO,50,30,40,35,NA,W,NA,willow
2008-10-15T00:00:00Z,WC,5,WC5,SAMO,100,75,60,40,NA,W,2,willow
2008-10-15T00:00:00Z,WC,5,WC5,SAMO,100,40,30,40,NA,NA,NA,willow
2008-10-15T00:00:00Z,WC,5,WC5,SAMO,100,40,30,35,NA,NA,NA,willow
2008-10-15T00:00:00Z,WC,5,WC5,SAMO,100,35,25,30,NA,NA,NA,willow
2008-10-15T00:00:00Z,WC,5,WC5,SAMO,100,40,25,30,NA,NA,NA,willow
2008-10-15T00:00:00Z,WC,5,WC5,SAPL,100,15,10,10,NA,NA,NA,willow
2008-10-15T00:00:00Z,WC,5,WC5,SAPL,100,10,5,5,NA,NA,NA,willow
2008-10-15T00:00:00Z,WC,5,WC5,SAPL,100,10,10,10,NA,NA,NA,willow
2008-10-15T00:00:00Z,WC,5,WC5,SAPL,100,25,20,30,NA,NA,NA,willow
2008-10-15T00:00:00Z,WC,5,WC5,SAPL,100,25,30,20,NA,NA,NA,willow
2008-10-15T00:00:00Z,WC,6,WC6,SAGE,100,20,20,25,NA,NA,NA,willow
2008-10-15T00:00:00Z,WC,6,WC6,SAGE,100,20,15,30,NA,NA,NA,willow
2008-10-15T00:00:00Z,WC,6,WC6,SAGE,100,35,25,45,NA,NA,NA,willow
2008-10-15T00:00:00Z,WC,6,WC6,SAGE,100,25,20,60,NA,S,4,willow
2008-10-15T00:00:00Z,WC,6,WC6,SAMO,100,80,70,25,NA,NA,NA,willow
2008-10-15T00:00:00Z,WC,6,WC6,SAMO,100,30,20,80,NA,NA,NA,willow
2008-10-15T00:00:00Z,WC,6,WC6,SAMO,100,35,25,55,NA,S,6,willow
2008-10-15T00:00:00Z,WC,6,WC6,SAMO,100,30,35,55,NA,S,5,willow
2008-10-15T00:00:00Z,WC,6,WC6,SAPL,50,35,40,50,NA,NA,NA,willow
2008-10-15T00:00:00Z,WC,6,WC6,SAPL,100,45,40,70,NA,NA,NA,willow
2008-10-15T00:00:00Z,WC,7,WC7,DAFR,90,90,110,80,NA,E,NA,nonwillow
2008-10-15T00:00:00Z,WC,7,WC7,SAMO,100,210,220,120,NA,E,50,willow
2008-10-15T00:00:00Z,WC,8,WC8,SAGE,100,20,15,25,NA,NA,NA,willow
2008-10-15T00:00:00Z,WC,8,WC8,SAGE,100,50,40,95,NA,N,2,willow
2008-10-15T00:00:00Z,WC,8,WC8,SAGE,50,65,50,55,NA,NA,NA,willow
2008-10-15T00:00:00Z,WC,8,WC8,SAGE,100,75,70,80,NA,NA,NA,willow
2008-10-15T00:00:00Z,WC,8,WC8,SAGE,100,70,40,90,NA,NA,NA,willow
2008-10-15T00:00:00Z,WC,8,WC8,SAGE,100,40,30,40,NA,NA,NA,willow
2008-10-15T00:00:00Z,WC,8,WC8,SAGE,100,15,10,15,NA,NA,NA,willow
2008-10-15T00:00:00Z,WC,8,WC8,SAGE,100,15,20,25,NA,NA,NA,willow
2008-10-15T00:00:00Z,WC,8,WC8,SAGE,100,30,15,30,NA,E,1,willow
2008-10-15T00:00:00Z,WC,8,WC8,SAGE,100,20,15,20,NA,NA,NA,willow
2008-10-15T00:00:00Z,WC,8,WC8,SAMO,100,10,5,10,NA,NA,NA,willow
2008-10-15T00:00:00Z,WC,8,WC8,SAMO,100,15,5,15,NA,NA,NA,willow
2008-10-15T00:00:00Z,WC,8,WC8,SAMO,100,10,10,20,NA,NA,NA,willow
2008-10-15T00:00:00Z,WC,8,WC8,SAMO,100,35,25,30,NA,NA,NA,willow
2008-10-15T00:00:00Z,WC,8,WC8,SAMO,100,30,20,30,NA,NA,NA,willow
2008-10-15T00:00:00Z,WC,8,WC8,SAMO,100,5,5,5,NA,NA,NA,willow
2008-10-15T00:00:00Z,WC,8,WC8,SAMO,100,10,15,10,NA,NA,NA,willow
2008-10-15T00:00:00Z,WC,8,WC8,SAMO,100,25,20,20,NA,NA,NA,willow
2008-10-15T00:00:00Z,WC,8,WC8,SAMO,100,25,20,35,NA,NA,NA,willow
2008-10-15T00:00:00Z,WC,8,WC8,SAMO,100,20,15,15,NA,NA,NA,willow
2008-10-15T00:00:00Z,WC,8,WC8,SAMO,100,40,30,50,NA,NA,NA,willow
2008-10-15T00:00:00Z,WC,8,WC8,SAMO,100,45,40,30,NA,NA,NA,willow
2008-10-15T00:00:00Z,WC,8,WC8,SAMO,100,20,10,20,NA,NA,NA,willow
2008-10-15T00:00:00Z,WC,8,WC8,SAMO,50,45,30,30,NA,E,NA,willow
2008-10-15T00:00:00Z,WC,8,WC8,SAMO,100,30,25,20,NA,E,1,willow
2008-10-15T00:00:00Z,WC,8,WC8,SAMO,100,5,10,10,NA,E,1,willow
2008-10-15T00:00:00Z,WC,8,WC8,SAMO,100,20,15,15,NA,E,1,willow
2008-10-15T00:00:00Z,WC,8,WC8,SAMO,100,10,10,10,NA,E,1,willow
2008-10-15T00:00:00Z,WC,8,WC8,SAMO,100,50,45,30,NA,E,15,willow
2008-10-15T00:00:00Z,WC,8,WC8,SAMO,100,15,10,45,NA,E,1,willow
2008-10-15T00:00:00Z,WC,8,WC8,SAMO,100,10,5,15,NA,E,1,willow
2008-10-15T00:00:00Z,WC,8,WC8,SAMO,100,40,35,40,NA,NA,NA,willow
2008-10-15T00:00:00Z,WC,8,WC8,SAMO,100,15,10,45,NA,NA,NA,willow
2008-10-15T00:00:00Z,WC,8,WC8,SAMO,100,30,20,50,NA,NA,NA,willow
2008-10-15T00:00:00Z,WC,8,WC8,SAPL,100,20,15,25,NA,NA,NA,willow
2008-10-15T00:00:00Z,WC,8,WC8,SAPL,100,35,35,30,NA,NA,NA,willow
2008-10-15T00:00:00Z,WC,8,WC8,SAPL,100,20,15,20,NA,NA,NA,willow
2008-10-15T00:00:00Z,WC,8,WC8,SAPL,30,120,100,125,NA,N,3,willow
2008-10-15T00:00:00Z,WC,8,WC8,SAPL,100,5,5,5,NA,E,3,willow
2008-10-15T00:00:00Z,WC,8,WC8,SAPL,10,35,30,40,NA,NA,NA,willow
2008-10-15T00:00:00Z,WC,8,WC8,SAPL,100,20,15,20,NA,NA,NA,willow
2008-10-15T00:00:00Z,WC,9,WC9,DAFR,100,40,40,55,NA,NA,NA,nonwillow
2008-10-15T00:00:00Z,WC,9,WC9,SAGE,60,70,45,35,NA,NA,NA,willow
2008-10-15T00:00:00Z,WC,9,WC9,SAGE,100,40,40,50,NA,NA,NA,willow
2008-10-15T00:00:00Z,WC,9,WC9,SAMO,20,100,110,90,NA,E,4,willow
2008-10-15T00:00:00Z,WC,9,WC9,SAMO,100,30,20,55,NA,E,2,willow
2008-10-15T00:00:00Z,WC,9,WC9,SAMO,50,25,30,50,NA,E,3,willow
2008-10-15T00:00:00Z,WC,9,WC9,SAMO,100,40,35,45,NA,NA,NA,willow
2008-10-15T00:00:00Z,WC,9,WC9,SAMO,60,170,170,160,NA,N,NA,willow
2008-10-15T00:00:00Z,WC,9,WC9,SAMO,100,50,40,60,NA,NA,NA,willow
2008-10-15T00:00:00Z,WC,9,WC9,SAMO,100,50,50,70,NA,NA,NA,willow
2008-10-15T00:00:00Z,WC,9,WC9,SAMO,100,50,50,80,NA,NA,NA,willow
2008-10-16T00:00:00Z,WC,10,WC10,SAGE,100,85,80,200,NA,NA,NA,willow
2008-10-16T00:00:00Z,WC,10,WC10,SAMO,50,45,50,80,NA,N,2,willow
2008-10-16T00:00:00Z,WC,10,WC10,SAMO,100,100,110,110,NA,N,25,willow
2008-10-16T00:00:00Z,WC,10,WC10,SAMO,100,40,20,80,NA,NA,NA,willow
2008-10-16T00:00:00Z,WC,10,WC10,SAMO,100,160,120,115,NA,NA,NA,willow
2008-10-16T00:00:00Z,WC,10,WC10,SAMO,100,40,35,60,NA,NA,NA,willow
2008-10-16T00:00:00Z,WC,10,WC10,SAMO,100,190,145,120,NA,NA,NA,willow
2008-10-16T00:00:00Z,WC,10,WC10,SAMO,100,220,270,200,NA,S,7,willow
2008-10-16T00:00:00Z,WC,10,WC10,SAMO,100,120,90,120,NA,NA,NA,willow
2008-10-16T00:00:00Z,WC,10,WC10,SAMO,100,130,110,120,NA,NA,NA,willow
2008-10-16T00:00:00Z,WC,10,WC10,SAMO,50,120,130,115,NA,NA,NA,willow
2008-10-16T00:00:00Z,WC,10,WC10,SAMO,100,140,110,145,NA,E,18,willow
2008-10-16T00:00:00Z,WC,10,WC10,SAPL,80,250,210,150,NA,W,50,willow
2008-10-16T00:00:00Z,WC,11,WC11,DAFR,100,20,40,50,NA,NA,NA,nonwillow
2008-10-16T00:00:00Z,WC,11,WC11,DAFR,100,10,15,25,NA,NA,NA,nonwillow
2008-10-16T00:00:00Z,WC,11,WC11,SAGE,100,25,25,30,NA,W,1,willow
2008-10-16T00:00:00Z,WC,11,WC11,SAGE,100,15,5,10,NA,NA,NA,willow
2008-10-16T00:00:00Z,WC,11,WC11,SAGE,100,30,25,30,NA,NA,NA,willow
2008-10-16T00:00:00Z,WC,11,WC11,SAMO,100,20,20,30,NA,E,4,willow
2008-10-16T00:00:00Z,WC,11,WC11,SAMO,100,25,20,25,NA,NA,NA,willow
2008-10-16T00:00:00Z,WC,11,WC11,SAMO,100,140,110,40,NA,NA,NA,willow
2008-10-16T00:00:00Z,WC,11,WC11,SAMO,100,10,15,10,NA,S,1,willow
2008-10-16T00:00:00Z,WC,11,WC11,SAMO,100,15,15,10,NA,S,1,willow
2008-10-16T00:00:00Z,WC,11,WC11,SAMO,100,20,15,25,NA,NA,NA,willow
2008-10-16T00:00:00Z,WC,11,WC11,SAMO,100,35,40,20,NA,NA,NA,willow
2008-10-16T00:00:00Z,WC,11,WC11,SAMO,100,35,40,30,NA,NA,NA,willow
2008-10-16T00:00:00Z,WC,11,WC11,SAMO,100,10,10,10,NA,NA,NA,willow
2008-10-16T00:00:00Z,WC,11,WC11,SAMO,100,10,10,20,NA,NA,NA,willow
2008-10-16T00:00:00Z,WC,11,WC11,SAMO,100,15,10,15,NA,NA,NA,willow
2008-10-16T00:00:00Z,WC,11,WC11,SAMO,100,15,15,20,NA,NA,NA,willow
2008-10-16T00:00:00Z,WC,11,WC11,SAMO,100,20,15,15,NA,W,1,willow
2008-10-16T00:00:00Z,WC,11,WC11,SAMO,100,60,55,40,NA,NA,NA,willow
2008-10-16T00:00:00Z,WC,11,WC11,SAMO,100,20,15,30,NA,NA,NA,willow
2008-10-16T00:00:00Z,WC,11,WC11,SAMO,100,35,20,25,NA,NA,NA,willow
2008-10-16T00:00:00Z,WC,11,WC11,SAMO,100,20,10,25,NA,NA,NA,willow
2008-10-16T00:00:00Z,WC,11,WC11,SAMO,50,45,40,50,NA,NA,NA,willow
2008-10-16T00:00:00Z,WC,11,WC11,SAPL,20,140,110,150,NA,N,2,willow
2008-10-16T00:00:00Z,WC,11,WC11,SAPL,100,150,210,250,NA,N,24,willow
2008-10-16T00:00:00Z,WC,11,WC11,SAPL,100,185,180,145,NA,NA,NA,willow
2008-10-16T00:00:00Z,WC,11,WC11,SAPL,100,15,10,15,NA,E,1,willow
2008-10-16T00:00:00Z,WC,11,WC11,SAPL,100,15,20,25,NA,E,1,willow
2008-10-16T00:00:00Z,WC,11,WC11,SAPL,100,20,10,10,NA,NA,NA,willow
2008-10-16T00:00:00Z,WC,11,WC11,SAPL,100,25,15,15,NA,S,1,willow
2008-10-16T00:00:00Z,WC,11,WC11,SAPL,100,15,10,10,NA,S,1,willow
2008-10-16T00:00:00Z,WC,11,WC11,SAPL,100,20,10,20,NA,NA,NA,willow
2008-10-16T00:00:00Z,WC,11,WC11,SAPL,100,30,15,15,NA,NA,NA,willow
2008-10-16T00:00:00Z,WC,11,WC11,SAPL,100,10,10,5,NA,NA,NA,willow
2008-10-16T00:00:00Z,WC,11,WC11,SAPL,100,10,10,15,NA,NA,NA,willow
2008-10-16T00:00:00Z,WC,11,WC11,SAPL,100,20,20,20,NA,NA,NA,willow
2008-10-16T00:00:00Z,WC,11,WC11,SAPL,100,25,20,20,NA,NA,NA,willow
2008-10-16T00:00:00Z,WC,11,WC11,SAPL,100,20,20,25,NA,NA,NA,willow
2008-10-16T00:00:00Z,WC,11,WC11,SAPL,100,20,10,10,NA,NA,NA,willow
2008-10-16T00:00:00Z,WC,12,WC12,SAGE,100,170,200,245,NA,E,7,willow
2008-10-16T00:00:00Z,WC,12,WC12,SAGE,100,165,95,190,NA,E,5,willow
2008-10-16T00:00:00Z,WC,12,WC12,SAGE,100,150,135,200,NA,NA,NA,willow
2008-10-16T00:00:00Z,WC,12,WC12,SAGE,100,60,60,40,NA,NA,NA,willow
2008-10-16T00:00:00Z,WC,12,WC12,SAGE,100,145,105,205,NA,NA,NA,willow
2008-10-16T00:00:00Z,WC,12,WC12,SAGE,100,80,80,110,NA,NA,NA,willow
2008-10-16T00:00:00Z,WC,12,WC12,SAGE,100,65,30,70,NA,W,NA,willow
2008-10-16T00:00:00Z,WC,12,WC12,SAGE,100,20,20,30,NA,NA,NA,willow
2008-10-20T00:00:00Z,WC,13,WC13,BEOC,100,300,320,255,NA,NA,NA,nonwillow
2008-10-20T00:00:00Z,WC,13,WC13,DAFR,100,65,60,60,NA,NA,NA,nonwillow
2008-10-20T00:00:00Z,WC,13,WC13,DAFR,100,40,30,35,NA,NA,NA,nonwillow
2008-10-20T00:00:00Z,WC,13,WC13,DAFR,100,60,40,50,NA,NA,NA,nonwillow
2008-10-20T00:00:00Z,WC,13,WC13,SAGE,100,110,120,80,NA,NA,NA,willow
2008-10-20T00:00:00Z,WC,13,WC13,SAGE,100,35,30,55,NA,NA,NA,willow
2008-10-20T00:00:00Z,WC,13,WC13,SAMO,10,300,320,255,NA,E,3,willow
2008-10-20T00:00:00Z,WC,13,WC13,SAMO,5,190,105,180,NA,E,0,willow
2008-10-20T00:00:00Z,WC,13,WC13,SAMO,100,10,5,35,NA,N,1,willow
2008-10-20T00:00:00Z,WC,13,WC13,SAMO,70,15,10,30,NA,N,1,willow
2008-10-20T00:00:00Z,WC,13,WC13,SAMO,100,35,30,40,NA,NA,NA,willow
2008-10-20T00:00:00Z,WC,13,WC13,SAMO,100,130,120,135,NA,NA,NA,willow
2008-10-20T00:00:00Z,WC,13,WC13,SAMO,100,70,80,70,NA,NA,NA,willow
2008-10-20T00:00:00Z,WC,13,WC13,SAMO,100,30,20,40,NA,NA,NA,willow
2008-10-20T00:00:00Z,WC,13,WC13,SAMO,100,85,85,70,NA,NA,NA,willow
2008-10-20T00:00:00Z,WC,13,WC13,SAMO,100,125,105,130,NA,S,10,willow
2008-10-21T00:00:00Z,WC,14,WC14,SAGE,100,80,55,60,NA,NA,NA,willow
2008-10-21T00:00:00Z,WC,14,WC14,SAMO,100,40,30,35,NA,N,2,willow
2008-10-21T00:00:00Z,WC,14,WC14,SAMO,95,125,120,8,NA,NA,NA,willow
2008-10-21T00:00:00Z,WC,14,WC14,SAMO,100,50,40,50,NA,NA,NA,willow
2008-10-21T00:00:00Z,WC,14,WC14,SAMO,100,30,30,30,NA,E,2,willow
2008-10-21T00:00:00Z,WC,14,WC14,SAMO,100,30,20,40,NA,E,1,willow
2008-10-21T00:00:00Z,WC,14,WC14,SAMO,100,15,15,10,NA,E,1,willow
2008-10-21T00:00:00Z,WC,14,WC14,SAMO,100,50,30,35,NA,NA,NA,willow
2008-10-21T00:00:00Z,WC,14,WC14,SAMO,100,60,50,70,NA,NA,NA,willow
2008-10-21T00:00:00Z,WC,14,WC14,SAMO,100,160,120,80,NA,S,2,willow
2008-10-21T00:00:00Z,WC,14,WC14,SAMO,100,25,25,45,NA,S,2,willow
2008-10-21T00:00:00Z,WC,14,WC14,SAMO,100,25,25,40,NA,S,1,willow
2008-10-21T00:00:00Z,WC,14,WC14,SAMO,100,30,25,35,NA,NA,NA,willow
2008-10-21T00:00:00Z,WC,14,WC14,SAMO,100,25,20,45,NA,NA,NA,willow
2008-10-21T00:00:00Z,WC,14,WC14,SAMO,100,20,15,30,NA,NA,NA,willow
2008-10-21T00:00:00Z,WC,14,WC14,SAMO,100,45,35,30,NA,NA,NA,willow
2008-10-21T00:00:00Z,WC,14,WC14,SAMO,100,80,30,45,NA,N,2,willow
2008-10-20T00:00:00Z,WC,15,WC15,DAFR,100,80,70,95,NA,NA,NA,nonwillow
2008-10-20T00:00:00Z,WC,15,WC15,DAFR,100,55,45,70,NA,NA,NA,nonwillow
2008-10-20T00:00:00Z,WC,15,WC15,SAGE,100,160,160,140,NA,E,20,willow
2008-10-20T00:00:00Z,WC,15,WC15,SAMO,100,50,35,60,NA,E,2,willow
2008-10-20T00:00:00Z,WC,15,WC15,SAMO,50,110,130,145,NA,E,NA,willow
2008-10-20T00:00:00Z,WC,15,WC15,SAMO,100,110,75,100,NA,NA,NA,willow
2008-10-20T00:00:00Z,WC,15,WC15,SAMO,100,50,40,40,NA,NA,NA,willow
2008-10-20T00:00:00Z,WC,15,WC15,SAMO,100,5,5,10,NA,NA,NA,willow
2008-10-20T00:00:00Z,WC,15,WC15,SAMO,20,50,30,45,NA,E,2,willow
2008-10-20T00:00:00Z,WC,15,WC15,SAPL,50,50,140,150,NA,NA,NA,willow
2008-10-20T00:00:00Z,WC,15,WC15,SAPL,100,55,40,80,NA,NA,NA,willow
2008-10-20T00:00:00Z,WC,15,WC15,SAPL,100,95,70,105,NA,NA,NA,willow
2008-10-16T00:00:00Z,WC,16,WC16,SAMO,100,10,15,35,NA,E,1,willow
2008-10-16T00:00:00Z,WC,16,WC16,SAMO,50,65,40,70,NA,E,NA,willow
2008-10-16T00:00:00Z,WC,16,WC16,SAMO,100,40,35,40,NA,NA,NA,willow
2008-10-16T00:00:00Z,WC,16,WC16,SAMO,100,55,60,60,NA,NA,NA,willow
2008-10-16T00:00:00Z,WC,16,WC16,SAMO,100,20,15,20,NA,NA,NA,willow
2008-10-16T00:00:00Z,WC,16,WC16,SAMO,100,55,35,55,NA,NA,NA,willow
2008-10-16T00:00:00Z,WC,16,WC16,SAMO,100,20,15,35,NA,NA,NA,willow
2008-10-16T00:00:00Z,WC,16,WC16,SAMO,100,20,15,35,NA,NA,NA,willow
2008-10-16T00:00:00Z,WC,16,WC16,SAMO,95,120,110,80,NA,S,16,willow
2008-10-16T00:00:00Z,WC,16,WC16,SAMO,100,35,40,35,NA,S,4,willow
2008-10-16T00:00:00Z,WC,16,WC16,SAMO,100,35,25,25,NA,NA,NA,willow
2008-10-16T00:00:00Z,WC,16,WC16,SAMO,100,110,90,60,NA,NA,NA,willow
2008-10-16T00:00:00Z,WC,16,WC16,SAMO,100,140,100,70,NA,NA,NA,willow
2008-10-16T00:00:00Z,WC,16,WC16,SAMO,100,60,50,60,NA,NA,NA,willow
2008-10-16T00:00:00Z,WC,16,WC16,SAMO,50,130,140,80,NA,W,18,willow
2008-10-21T00:00:00Z,WC,16,WC16,SAMO,100,10,10,15,NA,N,2,willow
2008-10-16T00:00:00Z,WC,16,WC16,SAPL,100,30,30,35,NA,N,2,willow
2008-10-16T00:00:00Z,WC,16,WC16,SAPL,100,35,35,40,NA,N,3,willow
2008-10-21T00:00:00Z,WC,17,WC17,BEGL,10,150,100,210,NA,E,0,nonwillow
2008-10-21T00:00:00Z,WC,17,WC17,SAGE,10,70,50,90,NA,W,0,willow
2008-10-21T00:00:00Z,WC,17,WC17,SAGE,50,75,100,80,NA,NA,NA,willow
2008-10-21T00:00:00Z,WC,17,WC17,SAMO,50,75,65,55,NA,N,4,willow
2008-10-21T00:00:00Z,WC,17,WC17,SAMO,100,65,50,50,NA,N,3,willow
2008-10-21T00:00:00Z,WC,17,WC17,SAMO,100,70,50,45,NA,N,7,willow
2008-10-21T00:00:00Z,WC,17,WC17,SAMO,100,20,10,15,NA,NA,NA,willow
2008-10-21T00:00:00Z,WC,17,WC17,SAMO,100,15,10,15,NA,NA,NA,willow
2008-10-21T00:00:00Z,WC,17,WC17,SAMO,5,400,410,355,NA,S,6,willow
2008-10-21T00:00:00Z,WC,17,WC17,SAMO,100,10,10,15,NA,NA,NA,willow
2008-10-21T00:00:00Z,WC,17,WC17,SAMO,100,15,10,20,NA,NA,NA,willow
2008-10-21T00:00:00Z,WC,17,WC17,SAMO,100,20,10,15,NA,W,2,willow
2008-10-21T00:00:00Z,WC,17,WC17,SAMO,100,15,15,15,NA,NA,NA,willow
2008-10-21T00:00:00Z,WC,17,WC17,SAPL,100,15,15,15,NA,N,1,willow
2008-10-21T00:00:00Z,WC,17,WC17,SAPL,100,30,25,15,NA,NA,NA,willow
2008-10-21T00:00:00Z,WC,17,WC17,SAPL,100,15,10,30,NA,NA,NA,willow
2008-10-21T00:00:00Z,WC,17,WC17,SAPL,100,20,10,20,NA,NA,NA,willow
2008-10-21T00:00:00Z,WC,17,WC17,SAPL,100,13,15,20,NA,NA,NA,willow
2008-10-21T00:00:00Z,WC,17,WC17,SAPL,100,20,10,20,NA,NA,NA,willow
2008-10-21T00:00:00Z,WC,18,WC18,SAGE,100,15,10,15,NA,E,1,willow
2008-10-21T00:00:00Z,WC,18,WC18,SAMO,100,10,5,10,NA,E,1,willow
2008-10-21T00:00:00Z,WC,18,WC18,SAMO,100,45,30,40,NA,N,1,willow
2008-10-21T00:00:00Z,WC,18,WC18,SAMO,100,35,25,55,NA,N,2,willow
2008-10-21T00:00:00Z,WC,18,WC18,SAMO,100,20,15,45,NA,N,1,willow
2008-10-21T00:00:00Z,WC,18,WC18,SAMO,100,25,20,50,NA,N,1,willow
2008-10-21T00:00:00Z,WC,18,WC18,SAPL,100,15,10,25,NA,E,1,willow
2008-10-21T00:00:00Z,WC,18,WC18,SAXX,100,10,5,35,NA,NA,NA,willow
2008-10-21T00:00:00Z,WC,19,WC19,SAGE,50,120,100,110,NA,NA,4,willow
2008-10-21T00:00:00Z,WC,19,WC19,SAMO,100,300,270,360,NA,E,50,willow
2008-10-21T00:00:00Z,WC,19,WC19,SAMO,70,370,480,370,NA,S,40,willow
2008-10-21T00:00:00Z,WC,19,WC19,SAMO,100,210,260,315,NA,W,12,willow
2008-10-21T00:00:00Z,WC,19,WC19,SAMO,30,120,90,200,NA,W,1,willow
2008-10-21T00:00:00Z,WC,19,WC19,SAMO,50,160,150,315,NA,NA,NA,willow
2008-10-22T00:00:00Z,WC,20,WC20,SAMO,10,210,220,400,NA,W,0,willow
2008-10-22T00:00:00Z,WC,20,WC20,SAMO,100,25,15,40,NA,NA,NA,willow
2008-10-22T00:00:00Z,WC,20,WC20,SAMO,100,25,20,40,NA,NA,NA,willow
2008-10-22T00:00:00Z,WC,20,WC20,SAMO,100,55,50,60,NA,NA,NA,willow
2008-10-22T00:00:00Z,WC,20,WC20,SAMO,100,60,70,60,NA,NA,NA,willow
2008-10-22T00:00:00Z,WC,20,WC20,SAMO,100,30,20,50,NA,NA,NA,willow
2008-10-22T00:00:00Z,WC,20,WC20,SAMO,100,30,25,50,NA,NA,NA,willow
2008-10-22T00:00:00Z,WC,20,WC20,SAMO,100,25,25,50,NA,NA,NA,willow
2008-10-22T00:00:00Z,WC,20,WC20,SAMO,100,25,25,45,NA,NA,NA,willow
2008-10-22T00:00:00Z,WC,20,WC20,SAMO,100,30,15,35,NA,NA,NA,willow
2008-10-22T00:00:00Z,WC,20,WC20,SAMO,100,30,25,50,NA,NA,NA,willow
2008-10-22T00:00:00Z,WC,20,WC20,SAMO,100,20,10,25,NA,NA,NA,willow
2008-10-22T00:00:00Z,WC,20,WC20,SAMO,100,15,10,20,NA,NA,NA,willow
2008-10-22T00:00:00Z,WC,20,WC20,SAMO,100,25,25,35,NA,NA,NA,willow
2008-10-22T00:00:00Z,WC,20,WC20,SAPL,100,30,25,60,NA,NA,NA,willow
2008-10-22T00:00:00Z,WC,20,WC20,SAPL,100,10,10,20,NA,NA,NA,willow
2008-10-22T00:00:00Z,WC,20,WC20,SAPL,100,70,55,60,NA,NA,NA,willow
2008-10-22T00:00:00Z,WC,20,WC20,SAPL,100,120,120,80,NA,S,10,willow
2008-10-22T00:00:00Z,WC,20,WC20,SAPL,100,50,40,65,NA,NA,NA,willow
2008-10-22T00:00:00Z,WC,20,WC20,SAPL,100,40,20,30,NA,NA,NA,willow
2008-10-22T00:00:00Z,WC,20,WC20,SAXX,100,50,20,30,NA,NA,NA,willow
2008-10-22T00:00:00Z,WC,21,WC21,DAFR,100,85,75,75,NA,NA,NA,nonwillow
2008-10-22T00:00:00Z,WC,21,WC21,SAMO,100,25,30,45,NA,NA,NA,willow
2008-10-22T00:00:00Z,WC,21,WC21,SAMO,100,55,30,65,NA,NA,NA,willow
2008-10-22T00:00:00Z,WC,21,WC21,SAMO,100,50,25,50,NA,S,1,willow
2008-10-22T00:00:00Z,WC,21,WC21,SAMO,10,130,100,120,NA,S,2,willow
2008-10-22T00:00:00Z,WC,21,WC21,SAMO,100,260,265,440,NA,W,10,willow
2008-10-22T00:00:00Z,WC,21,WC21,SAMO,100,120,85,145,NA,NA,NA,willow
2008-10-22T00:00:00Z,WC,21,WC21,SAMO,100,20,20,55,NA,NA,NA,willow
2008-10-22T00:00:00Z,WC,21,WC21,SAMO,100,30,30,55,NA,N,2,willow
2008-10-22T00:00:00Z,WC,21,WC21,SAMO,20,170,170,95,NA,N,1,willow
2008-10-22T00:00:00Z,WC,21,WC21,SAMO,100,30,20,55,NA,NA,NA,willow
2008-10-22T00:00:00Z,WC,21,WC21,SAMO,100,95,75,75,NA,NA,NA,willow
2008-10-22T00:00:00Z,WC,21,WC21,SAMO,10,170,155,145,NA,NA,NA,willow
2008-10-22T00:00:00Z,WC,21,WC21,SAPL,100,25,20,45,NA,NA,NA,willow
2008-10-22T00:00:00Z,WC,21,WC21,SAPL,100,40,40,70,NA,NA,NA,willow
2008-10-22T00:00:00Z,WC,21,WC21,SAPL,50,130,90,125,NA,W,6,willow
2008-10-22T00:00:00Z,WC,21,WC21,SAPL,100,35,40,55,NA,NA,NA,willow
2008-10-22T00:00:00Z,WC,21,WC21,SAXX,100,40,30,55,NA,E,3,willow
2008-10-22T00:00:00Z,WC,21,WC21,SAXX,100,30,25,40,NA,NA,NA,willow
2008-10-22T00:00:00Z,WC,21,WC21,SAXX,100,45,35,70,NA,NA,NA,willow
2008-10-22T00:00:00Z,WC,22,WC22,BEOC,90,100,110,160,NA,NA,NA,nonwillow
2008-10-22T00:00:00Z,WC,22,WC22,BEOC,100,15,10,25,NA,NA,NA,nonwillow
2008-10-22T00:00:00Z,WC,22,WC22,SAMO,100,130,100,165,NA,NA,NA,willow
2008-10-22T00:00:00Z,WC,22,WC22,SAMO,100,35,30,90,NA,NA,NA,willow
2008-10-22T00:00:00Z,WC,22,WC22,SAMO,100,35,40,45,NA,NA,NA,willow
2008-10-22T00:00:00Z,WC,22,WC22,SAMO,100,10,10,40,NA,NA,NA,willow
2008-10-22T00:00:00Z,WC,22,WC22,SAMO,100,60,60,160,NA,NA,NA,willow
2008-10-22T00:00:00Z,WC,22,WC22,SAMO,5,390,350,450,NA,NA,NA,willow
2008-10-22T00:00:00Z,WC,22,WC22,SAMO,10,250,390,335,NA,NA,NA,willow
2008-10-22T00:00:00Z,WC,22,WC22,SAMO,100,20,10,40,NA,NA,NA,willow
2008-10-23T00:00:00Z,WC,23,WC23,DAFR,100,25,25,20,NA,NA,NA,nonwillow
2008-10-23T00:00:00Z,WC,23,WC23,DAFR,100,40,25,40,NA,NA,NA,nonwillow
2008-10-23T00:00:00Z,WC,23,WC23,DAFR,100,60,60,20,NA,NA,NA,nonwillow
2008-10-23T00:00:00Z,WC,23,WC23,DAFR,100,35,35,30,NA,NA,NA,nonwillow
2008-10-23T00:00:00Z,WC,23,WC23,DAFR,100,45,25,40,NA,NA,NA,nonwillow
2008-10-23T00:00:00Z,WC,23,WC23,DAFR,100,50,30,40,NA,NA,NA,nonwillow
2008-10-23T00:00:00Z,WC,23,WC23,DAFR,100,50,30,40,NA,NA,NA,nonwillow
2008-10-23T00:00:00Z,WC,23,WC23,SAGE,100,85,60,40,NA,NA,NA,willow
2008-10-23T00:00:00Z,WC,23,WC23,SAGE,100,50,50,40,NA,NA,NA,willow
2008-10-23T00:00:00Z,WC,23,WC23,SAGE,100,70,40,40,NA,W,1,willow
2008-10-23T00:00:00Z,WC,23,WC23,SAMO,100,40,40,40,NA,NA,NA,willow
2008-10-23T00:00:00Z,WC,23,WC23,SAMO,100,30,30,20,NA,NA,NA,willow
2008-10-23T00:00:00Z,WC,23,WC23,SAMO,100,35,35,20,NA,NA,NA,willow
2008-10-23T00:00:00Z,WC,23,WC23,SAMO,100,45,40,40,NA,NA,NA,willow
2008-10-23T00:00:00Z,WC,23,WC23,SAMO,100,40,25,25,NA,NA,NA,willow
2008-10-23T00:00:00Z,WC,23,WC23,SAMO,100,55,40,40,NA,NA,NA,willow
2008-10-23T00:00:00Z,WC,23,WC23,SAMO,100,35,30,40,NA,NA,NA,willow
2008-10-23T00:00:00Z,WC,23,WC23,SAMO,100,45,35,55,NA,NA,NA,willow
2008-10-23T00:00:00Z,WC,23,WC23,SAMO,100,85,70,40,NA,W,32,willow
2008-10-23T00:00:00Z,WC,24,WC24,DAFR,100,40,30,40,NA,NA,NA,nonwillow
2008-10-23T00:00:00Z,WC,24,WC24,SAMO,100,10,10,10,NA,NA,NA,willow
2008-10-23T00:00:00Z,WC,24,WC24,SAMO,100,5,10,20,NA,NA,NA,willow
2008-10-23T00:00:00Z,WC,24,WC24,SAMO,100,20,5,20,NA,NA,NA,willow
2008-10-23T00:00:00Z,WC,24,WC24,SAMO,100,5,5,10,NA,NA,NA,willow
2008-10-23T00:00:00Z,WC,24,WC24,SAMO,100,25,20,20,NA,NA,NA,willow
2008-10-23T00:00:00Z,WC,24,WC24,SAMO,100,30,20,25,NA,NA,NA,willow
2008-10-23T00:00:00Z,WC,24,WC24,SAMO,100,10,10,10,NA,NA,NA,willow
2008-10-23T00:00:00Z,WC,24,WC24,SAMO,100,40,30,30,NA,NA,NA,willow
2008-10-23T00:00:00Z,WC,24,WC24,SAMO,100,15,15,30,NA,NA,NA,willow
2008-10-23T00:00:00Z,WC,24,WC24,SAMO,100,10,10,20,NA,NA,NA,willow
2008-10-23T00:00:00Z,WC,24,WC24,SAMO,100,15,10,20,NA,NA,NA,willow
2008-10-23T00:00:00Z,WC,24,WC24,SAMO,100,20,15,15,NA,NA,NA,willow
2008-10-23T00:00:00Z,WC,25,WC25,NONE,100,0,0,0,NA,NA,NA,willow
2008-10-23T00:00:00Z,WC,26,WC26,DAFR,100,30,30,40,NA,NA,NA,nonwillow
2008-10-23T00:00:00Z,WC,26,WC26,DAFR,100,30,30,40,NA,NA,NA,nonwillow
2008-10-23T00:00:00Z,WC,26,WC26,DAFR,100,15,15,40,NA,NA,NA,nonwillow
2008-10-23T00:00:00Z,WC,26,WC26,DAFR,100,40,40,30,NA,NA,NA,nonwillow
2008-10-23T00:00:00Z,WC,26,WC26,DAFR,100,75,40,50,NA,NA,NA,nonwillow
2008-10-23T00:00:00Z,WC,26,WC26,DAFR,100,30,20,40,NA,NA,NA,nonwillow
2008-10-23T00:00:00Z,WC,26,WC26,DAFR,100,40,20,40,NA,N,NA,nonwillow
2008-10-23T00:00:00Z,WC,26,WC26,DAFR,100,40,40,40,NA,N,NA,nonwillow
2008-10-23T00:00:00Z,WC,26,WC26,DAFR,100,40,45,70,NA,NA,NA,nonwillow
2008-10-23T00:00:00Z,WC,26,WC26,DAFR,100,70,60,50,NA,E,NA,nonwillow
2008-10-23T00:00:00Z,WC,26,WC26,DAFR,100,65,60,60,NA,NA,NA,nonwillow
2008-10-23T00:00:00Z,WC,26,WC26,SAMO,100,10,15,15,NA,W,1,willow
2008-10-23T00:00:00Z,WC,26,WC26,SAMO,100,15,15,15,NA,NA,NA,willow
2008-10-27T00:00:00Z,WC,27,WC27,DAFR,100,50,50,65,NA,NA,NA,nonwillow
2008-10-27T00:00:00Z,WC,28,WC28,DAFR,100,80,70,60,NA,NA,NA,nonwillow
2008-10-27T00:00:00Z,WC,28,WC28,DAFR,100,120,80,50,NA,NA,NA,nonwillow
2008-10-27T00:00:00Z,WC,28,WC28,DAFR,100,80,120,70,NA,NA,NA,nonwillow
2008-10-27T00:00:00Z,WC,28,WC28,DAFR,100,120,80,70,NA,NA,NA,nonwillow
2008-10-27T00:00:00Z,WC,28,WC28,DAFR,100,55,50,50,NA,NA,NA,nonwillow
2008-10-27T00:00:00Z,WC,28,WC28,DAFR,50,110,110,50,NA,NA,NA,nonwillow
2008-10-27T00:00:00Z,WC,28,WC28,DAFR,100,45,50,60,NA,NA,NA,nonwillow
2008-10-27T00:00:00Z,WC,28,WC28,DAFR,100,50,45,50,NA,NA,NA,nonwillow
2008-10-27T00:00:00Z,WC,28,WC28,DAFR,100,30,30,40,NA,NA,NA,nonwillow
2008-10-27T00:00:00Z,WC,28,WC28,DAFR,100,35,25,50,NA,NA,NA,nonwillow
2008-10-27T00:00:00Z,WC,28,WC28,DAFR,100,100,60,50,NA,NA,NA,nonwillow
2008-10-27T00:00:00Z,WC,28,WC28,DAFR,100,90,50,40,NA,NA,NA,nonwillow
2008-10-27T00:00:00Z,WC,28,WC28,DAFR,100,60,30,50,NA,NA,NA,nonwillow
2008-10-27T00:00:00Z,WC,28,WC28,SAMO,30,35,25,45,NA,S,2,willow
2008-10-27T00:00:00Z,WC,28,WC28,SAMO,100,15,15,25,NA,NA,NA,willow
2008-10-27T00:00:00Z,WC,28,WC28,SAMO,15,70,60,60,NA,NA,NA,willow
2008-10-27T00:00:00Z,WC,29,WC29,SAMO,100,140,130,130,NA,S,4,willow
2008-10-27T00:00:00Z,WC,30,WC30,BEOC,100,20,20,50,NA,NA,NA,nonwillow
2008-10-27T00:00:00Z,WC,30,WC30,DAFR,100,90,80,80,NA,E,NA,nonwillow
2008-10-27T00:00:00Z,WC,30,WC30,DAFR,100,120,100,80,NA,NA,NA,nonwillow
2008-10-27T00:00:00Z,WC,30,WC30,DAFR,100,55,120,85,NA,NA,NA,nonwillow
2008-10-27T00:00:00Z,WC,30,WC30,SAMO,100,20,35,50,NA,E,2,willow
2008-10-27T00:00:00Z,WC,30,WC30,SAMO,20,40,30,50,NA,E,1,willow
2008-10-27T00:00:00Z,WC,30,WC30,SAMO,100,15,10,50,NA,NA,NA,willow
2008-10-27T00:00:00Z,WC,30,WC30,SAMO,100,50,40,85,NA,NA,NA,willow
2008-10-27T00:00:00Z,WC,30,WC30,SAMO,100,20,25,45,NA,NA,NA,willow
2008-10-27T00:00:00Z,WC,30,WC30,SAMO,100,15,20,20,NA,N,1,willow
2008-10-27T00:00:00Z,WC,30,WC30,SAMO,100,25,30,40,NA,NA,NA,willow
2008-10-27T00:00:00Z,WC,30,WC30,SAMO,100,30,20,60,NA,NA,NA,willow
2008-10-27T00:00:00Z,WC,30,WC30,SAMO,100,20,15,35,NA,NA,NA,willow
2008-10-27T00:00:00Z,WC,30,WC30,SAMO,100,10,10,30,NA,NA,NA,willow
2008-10-27T00:00:00Z,WC,30,WC30,SAMO,100,30,15,60,NA,NA,NA,willow
2008-10-27T00:00:00Z,WC,30,WC30,SAMO,100,40,30,55,NA,NA,NA,willow
2008-10-27T00:00:00Z,WC,30,WC30,SAMO,100,20,20,25,NA,NA,NA,willow
2008-10-28T00:00:00Z,WC,31,WC31,DAFR,100,90,50,50,NA,NA,NA,nonwillow
2008-10-28T00:00:00Z,WC,31,WC31,DAFR,100,50,50,50,NA,NA,NA,nonwillow
2008-10-28T00:00:00Z,WC,31,WC31,DAFR,100,50,30,50,NA,NA,NA,nonwillow
2008-10-28T00:00:00Z,WC,31,WC31,DAFR,100,30,30,50,NA,NA,NA,nonwillow
2008-10-28T00:00:00Z,WC,31,WC31,DAFR,100,35,30,40,NA,NA,NA,nonwillow
2008-10-28T00:00:00Z,WC,31,WC31,DAFR,100,45,40,50,NA,NA,NA,nonwillow
2008-10-28T00:00:00Z,WC,31,WC31,DAFR,100,60,45,60,NA,S,NA,nonwillow
2008-10-28T00:00:00Z,WC,31,WC31,DAFR,100,50,45,60,NA,S,NA,nonwillow
2008-10-28T00:00:00Z,WC,31,WC31,DAFR,100,50,45,50,NA,S,NA,nonwillow
2008-10-28T00:00:00Z,WC,31,WC31,DAFR,100,30,30,40,NA,NA,NA,nonwillow
2008-10-28T00:00:00Z,WC,31,WC31,DAFR,100,25,30,60,NA,NA,NA,nonwillow
2008-10-28T00:00:00Z,WC,31,WC31,DAFR,100,25,30,50,NA,NA,NA,nonwillow
2008-10-28T00:00:00Z,WC,31,WC31,DAFR,100,25,25,30,NA,NA,NA,nonwillow
2008-10-28T00:00:00Z,WC,31,WC31,DAFR,100,35,50,50,NA,NA,NA,nonwillow
2008-10-28T00:00:00Z,WC,31,WC31,DAFR,100,40,50,60,NA,NA,NA,nonwillow
2008-10-28T00:00:00Z,WC,31,WC31,DAFR,60,70,60,60,NA,E,NA,nonwillow
2008-10-28T00:00:00Z,WC,31,WC31,DAFR,100,20,10,35,NA,E,NA,nonwillow
2008-10-28T00:00:00Z,WC,31,WC31,DAFR,100,50,30,45,NA,NA,NA,nonwillow
2008-10-28T00:00:00Z,WC,31,WC31,DAFR,100,30,30,60,NA,NA,NA,nonwillow
2008-10-28T00:00:00Z,WC,31,WC31,DAFR,100,50,50,80,NA,NA,NA,nonwillow
2008-10-28T00:00:00Z,WC,31,WC31,DAFR,100,70,70,80,NA,NA,NA,nonwillow
2008-10-28T00:00:00Z,WC,31,WC31,DAFR,100,35,40,55,NA,NA,NA,nonwillow
2008-10-28T00:00:00Z,WC,31,WC31,DAFR,100,30,25,50,NA,NA,NA,nonwillow
2008-10-28T00:00:00Z,WC,31,WC31,SAMO,100,45,50,50,NA,W,2,willow
2008-10-28T00:00:00Z,WC,31,WC31,SAMO,100,30,20,15,NA,E,1,willow
2008-10-28T00:00:00Z,WC,32,WC32,DAFR,40,50,60,75,NA,NA,NA,nonwillow
2008-10-28T00:00:00Z,WC,32,WC32,SAMO,100,90,100,150,NA,NA,NA,willow
2008-10-28T00:00:00Z,WC,32,WC32,SAMO,100,230,240,165,NA,NA,NA,willow
2008-10-28T00:00:00Z,WC,33,WC33,BEOC,100,300,320,535,NA,S,0,nonwillow
2008-10-28T00:00:00Z,WC,33,WC33,SAGE,100,120,150,235,NA,NA,NA,willow
2008-10-28T00:00:00Z,WC,33,WC33,SAMO,100,100,90,160,NA,W,3,willow
2008-10-28T00:00:00Z,WC,33,WC33,SAMO,100,85,70,130,NA,W,4,willow
2008-10-28T00:00:00Z,WC,33,WC33,SAMO,100,45,35,120,NA,W,1,willow
2008-10-28T00:00:00Z,WC,33,WC33,SAMO,100,55,45,105,NA,NA,NA,willow
2008-10-28T00:00:00Z,WC,33,WC33,SAMO,100,20,20,100,NA,NA,NA,willow
2008-10-28T00:00:00Z,WC,33,WC33,SAMO,100,30,25,110,NA,NA,NA,willow
2008-10-28T00:00:00Z,WC,33,WC33,SAMO,100,40,25,95,NA,S,1,willow
2008-10-28T00:00:00Z,WC,33,WC33,SAMO,100,80,85,110,NA,NA,NA,willow
2008-10-28T00:00:00Z,WC,33,WC33,SAMO,100,70,50,200,NA,NA,NA,willow
2008-10-28T00:00:00Z,WC,33,WC33,SAMO,100,110,100,340,NA,NA,NA,willow
2008-10-28T00:00:00Z,WC,33,WC33,SAMO,100,60,60,195,NA,NA,NA,willow
2008-10-28T00:00:00Z,WC,34,WC34,BEOC,5,420,595,445,NA,S,0,nonwillow
2008-10-28T00:00:00Z,WC,34,WC34,DAFR,100,120,70,90,NA,NA,NA,nonwillow
2008-10-28T00:00:00Z,WC,34,WC34,DAFR,100,120,100,110,NA,NA,NA,nonwillow
2008-10-28T00:00:00Z,WC,34,WC34,DAFR,10,110,100,100,NA,W,NA,nonwillow
2008-10-28T00:00:00Z,WC,34,WC34,DAFR,100,30,20,65,NA,NA,NA,nonwillow
2008-10-28T00:00:00Z,WC,34,WC34,DAFR,100,150,170,110,NA,E,NA,nonwillow
2008-10-28T00:00:00Z,WC,34,WC34,DAFR,100,35,45,55,NA,NA,NA,nonwillow
2008-10-28T00:00:00Z,WC,34,WC34,SAMO,100,50,55,50,NA,NA,0,willow
2008-10-28T00:00:00Z,WC,34,WC34,SAMO,100,40,35,40,NA,NA,NA,willow
2008-10-28T00:00:00Z,WC,34,WC34,SAMO,100,35,35,50,NA,NA,NA,willow
2008-10-28T00:00:00Z,WC,34,WC34,SAMO,100,25,15,40,NA,NA,NA,willow
2008-11-04T00:00:00Z,WC,35,WC35,DAFR,100,30,35,40,NA,W,NA,nonwillow
2008-11-04T00:00:00Z,WC,35,WC35,DAFR,100,15,15,40,NA,NA,NA,nonwillow
2008-11-04T00:00:00Z,WC,35,WC35,DAFR,100,30,30,40,NA,NA,NA,nonwillow
2008-11-04T00:00:00Z,WC,35,WC35,DAFR,100,85,70,60,NA,NA,NA,nonwillow
2008-11-04T00:00:00Z,WC,35,WC35,DAFR,100,16,10,35,NA,NA,NA,nonwillow
2008-11-04T00:00:00Z,WC,35,WC35,DAFR,100,20,20,50,NA,NA,NA,nonwillow
2008-11-04T00:00:00Z,WC,35,WC35,DAFR,100,20,20,40,NA,NA,NA,nonwillow
2008-11-04T00:00:00Z,WC,35,WC35,DAFR,100,30,25,40,NA,NA,NA,nonwillow
2008-11-04T00:00:00Z,WC,35,WC35,DAFR,100,35,35,50,NA,NA,NA,nonwillow
2008-11-04T00:00:00Z,WC,35,WC35,DAFR,100,30,20,40,NA,N,NA,nonwillow
2008-11-06T00:00:00Z,WC,36,WC36,DAFR,100,20,20,45,NA,NA,NA,nonwillow
2008-11-04T00:00:00Z,WC,37,WC37,BEGL,100,105,65,145,NA,S,NA,nonwillow
2008-11-04T00:00:00Z,WC,37,WC37,BEOC,100,310,335,390,NA,NA,NA,nonwillow
2008-11-04T00:00:00Z,WC,37,WC37,BEOC,50,45,30,45,NA,NA,NA,nonwillow
2008-11-04T00:00:00Z,WC,37,WC37,DAFR,50,190,140,100,NA,W,NA,nonwillow
2008-11-04T00:00:00Z,WC,37,WC37,DAFR,100,90,70,90,NA,NA,NA,nonwillow
2008-11-04T00:00:00Z,WC,37,WC37,DAFR,100,60,55,60,NA,NA,NA,nonwillow
2008-11-04T00:00:00Z,WC,37,WC37,DAFR,100,25,55,60,NA,NA,NA,nonwillow
2008-11-04T00:00:00Z,WC,37,WC37,DAFR,100,25,25,35,NA,NA,NA,nonwillow
2008-11-04T00:00:00Z,WC,37,WC37,DAFR,100,75,80,60,NA,NA,NA,nonwillow
2008-11-04T00:00:00Z,WC,37,WC37,SAMO,100,20,20,60,NA,NA,NA,willow
2008-11-04T00:00:00Z,WC,37,WC37,SAMO,100,30,25,45,NA,NA,NA,willow
2008-11-04T00:00:00Z,WC,37,WC37,SAMO,100,5,5,20,NA,NA,NA,willow
2008-11-04T00:00:00Z,WC,37,WC37,SAMO,100,15,15,75,NA,NA,NA,willow
2008-11-04T00:00:00Z,WC,37,WC37,SAMO,100,20,20,25,NA,N,2,willow
2008-11-05T00:00:00Z,WC,38,WC38,BEGL,100,40,30,80,NA,NA,NA,nonwillow
2008-11-05T00:00:00Z,WC,38,WC38,BEGL,100,30,35,85,NA,NA,NA,nonwillow
2008-11-05T00:00:00Z,WC,38,WC38,BEGL,100,40,30,50,NA,NA,NA,nonwillow
2008-11-05T00:00:00Z,WC,38,WC38,BEGL,20,90,70,90,NA,NA,NA,nonwillow
2008-11-05T00:00:00Z,WC,38,WC38,BEGL,100,40,40,40,NA,NA,NA,nonwillow
2008-11-05T00:00:00Z,WC,38,WC38,BEGL,100,120,110,90,NA,NA,NA,nonwillow
2008-11-05T00:00:00Z,WC,38,WC38,BEGL,100,20,20,40,NA,NA,NA,nonwillow
2008-11-05T00:00:00Z,WC,38,WC38,BEGL,100,35,30,40,NA,NA,NA,nonwillow
2008-11-05T00:00:00Z,WC,38,WC38,BEGL,100,20,20,25,NA,NA,NA,nonwillow
2008-11-05T00:00:00Z,WC,38,WC38,BEGL,100,50,25,45,NA,NA,NA,nonwillow
2008-11-05T00:00:00Z,WC,38,WC38,BEOC,10,440,450,520,NA,E,NA,nonwillow
2008-11-05T00:00:00Z,WC,38,WC38,BEOC,20,120,95,120,NA,S,NA,nonwillow
2008-11-05T00:00:00Z,WC,38,WC38,DAFR,100,20,30,60,NA,E,NA,nonwillow
2008-11-05T00:00:00Z,WC,38,WC38,DAFR,100,50,35,70,NA,E,NA,nonwillow
2008-11-05T00:00:00Z,WC,38,WC38,DAFR,100,75,50,75,NA,NA,NA,nonwillow
2008-11-05T00:00:00Z,WC,38,WC38,DAFR,100,40,40,55,NA,W,NA,nonwillow
2008-11-05T00:00:00Z,WC,38,WC38,DAFR,100,30,25,40,NA,W,NA,nonwillow
2008-11-05T00:00:00Z,WC,38,WC38,DAFR,100,65,50,80,NA,NA,NA,nonwillow
2008-11-05T00:00:00Z,WC,38,WC38,DAFR,100,60,40,60,NA,N,NA,nonwillow
2008-11-05T00:00:00Z,WC,38,WC38,DAFR,100,65,50,80,NA,NA,NA,nonwillow
2008-11-05T00:00:00Z,WC,38,WC38,SAMO,100,15,15,30,NA,E,1,willow
2008-11-05T00:00:00Z,WC,38,WC38,SAMO,100,20,15,35,NA,NA,NA,willow
2008-11-05T00:00:00Z,WC,38,WC38,SAMO,100,50,35,50,NA,NA,NA,willow
2008-11-05T00:00:00Z,WC,38,WC38,SAMO,100,45,30,55,NA,NA,NA,willow
2008-11-05T00:00:00Z,WC,38,WC38,SAMO,100,15,15,35,NA,NA,NA,willow
2008-11-05T00:00:00Z,WC,38,WC38,SAMO,100,15,15,30,NA,NA,NA,willow
2008-11-05T00:00:00Z,WC,38,WC38,SAMO,100,10,10,40,NA,NA,NA,willow
2008-11-05T00:00:00Z,WC,38,WC38,SAMO,100,55,40,40,NA,NA,NA,willow
2008-11-05T00:00:00Z,WC,38,WC38,SAMO,100,20,15,40,NA,W,1,willow
2008-11-05T00:00:00Z,WC,38,WC38,SAMO,100,30,25,35,NA,NA,NA,willow
2008-11-05T00:00:00Z,WC,38,WC38,SAMO,100,45,25,40,NA,NA,NA,willow
2008-11-05T00:00:00Z,WC,39,WC39,BEGL,5,25,40,85,NA,E,NA,nonwillow
2008-11-05T00:00:00Z,WC,39,WC39,SAMO,100,5,5,10,NA,E,NA,willow
2008-11-05T00:00:00Z,WC,39,WC39,SAMO,100,75,50,60,NA,NA,NA,willow
2008-11-05T00:00:00Z,WC,39,WC39,SAMO,100,20,20,35,NA,NA,NA,willow
2008-11-05T00:00:00Z,WC,39,WC39,SAMO,70,75,50,100,NA,W,NA,willow
2008-11-05T00:00:00Z,WC,39,WC39,SAMO,100,55,35,70,NA,W,2,willow
2008-11-05T00:00:00Z,WC,39,WC39,SAMO,100,60,45,60,NA,W,2,willow
2008-11-05T00:00:00Z,WC,39,WC39,SAMO,100,30,35,65,NA,W,2,willow
2008-11-05T00:00:00Z,WC,39,WC39,SAMO,100,10,10,15,NA,W,1,willow
2008-11-05T00:00:00Z,WC,39,WC39,SAMO,10,360,360,395,NA,W,0,willow
2008-11-05T00:00:00Z,WC,39,WC39,SAMO,100,40,20,70,NA,NA,NA,willow
2008-11-05T00:00:00Z,WC,39,WC39,SAMO,100,20,20,80,NA,NA,NA,willow
2008-11-05T00:00:00Z,WC,39,WC39,SAMO,100,75,55,70,NA,NA,NA,willow
2008-11-05T00:00:00Z,WC,39,WC39,SAMO,100,30,20,60,NA,S,2,willow
2008-11-05T00:00:00Z,WC,39,WC39,SAMO,100,15,25,75,NA,S,3,willow
2008-11-05T00:00:00Z,WC,39,WC39,SAMO,100,30,20,90,NA,NA,NA,willow
2008-11-05T00:00:00Z,WC,39,WC39,SAMO,95,110,110,90,NA,NA,NA,willow
2008-11-05T00:00:00Z,WC,39,WC39,SAMO,100,60,50,90,NA,NA,NA,willow
2008-11-06T00:00:00Z,WC,40,WC40,SAMO,50,70,75,70,NA,W,2,willow
2008-11-06T00:00:00Z,WC,40,WC40,SAMO,100,20,40,55,NA,W,3,willow
2008-11-06T00:00:00Z,WC,40,WC40,SAMO,100,40,20,65,NA,W,1,willow
2008-11-06T00:00:00Z,WC,40,WC40,SAMO,100,45,40,55,NA,W,3,willow
2008-11-06T00:00:00Z,WC,40,WC40,SAMO,100,40,30,65,NA,NA,NA,willow
2008-11-06T00:00:00Z,WC,40,WC40,SAMO,100,15,15,50,NA,NA,NA,willow
2008-11-06T00:00:00Z,WC,40,WC40,SAMO,100,30,20,60,NA,NA,NA,willow
2008-11-06T00:00:00Z,WC,40,WC40,SAMO,100,25,25,50,NA,NA,NA,willow
2008-11-06T00:00:00Z,WC,40,WC40,SAMO,100,60,50,60,NA,NA,NA,willow
2008-11-06T00:00:00Z,WC,40,WC40,SAMO,100,65,50,65,NA,NA,NA,willow
2008-11-06T00:00:00Z,WC,40,WC40,SAMO,100,30,30,40,NA,NA,NA,willow
2008-11-06T00:00:00Z,WC,40,WC40,SAMO,100,30,25,50,NA,S,3,willow
2008-11-06T00:00:00Z,WC,40,WC40,SAMO,100,15,10,60,NA,S,1,willow
2008-11-06T00:00:00Z,WC,40,WC40,SAMO,100,45,45,70,NA,S,4,willow
2008-11-06T00:00:00Z,WC,40,WC40,SAMO,100,40,35,50,NA,NA,NA,willow
2008-11-06T00:00:00Z,WC,40,WC40,SAMO,100,35,30,40,NA,NA,NA,willow
2008-11-06T00:00:00Z,WC,40,WC40,SAMO,100,35,25,35,NA,NA,NA,willow
2008-11-06T00:00:00Z,WC,40,WC40,SAMO,100,20,20,25,NA,NA,NA,willow
2008-11-06T00:00:00Z,WC,40,WC40,SAMO,100,30,25,50,NA,NA,NA,willow
2008-11-06T00:00:00Z,WC,40,WC40,SAMO,100,20,15,30,NA,NA,NA,willow
2008-11-06T00:00:00Z,WC,40,WC40,SAMO,100,20,15,65,NA,NA,NA,willow
2008-11-06T00:00:00Z,WC,40,WC40,SAMO,100,20,20,70,NA,NA,NA,willow
2008-11-06T00:00:00Z,WC,40,WC40,SAMO,100,30,35,75,NA,NA,NA,willow
2008-11-06T00:00:00Z,WC,40,WC40,SAMO,100,25,15,30,NA,NA,NA,willow
2008-11-06T00:00:00Z,WC,40,WC40,SAMO,100,10,10,20,NA,NA,NA,willow
2008-11-06T00:00:00Z,WC,41,WC41,DAFR,100,35,20,40,NA,NA,NA,nonwillow
2008-11-06T00:00:00Z,WC,41,WC41,DAFR,100,70,65,80,NA,NA,NA,nonwillow
2008-11-06T00:00:00Z,WC,41,WC41,DAFR,100,40,20,40,NA,NA,NA,nonwillow
2008-11-06T00:00:00Z,WC,41,WC41,SAMO,5,190,190,120,NA,W,0,willow
2008-11-06T00:00:00Z,WC,41,WC41,SAMO,100,60,55,85,NA,W,4,willow
2008-11-06T00:00:00Z,WC,41,WC41,SAMO,100,65,65,80,NA,NA,NA,willow
2008-11-06T00:00:00Z,WC,41,WC41,SAMO,100,40,40,90,NA,N,1,willow
2008-11-06T00:00:00Z,WC,41,WC41,SAMO,100,80,60,85,NA,N,8,willow
2008-11-06T00:00:00Z,WC,41,WC41,SAMO,100,75,60,75,NA,N,4,willow
2008-11-06T00:00:00Z,WC,41,WC41,SAMO,100,35,35,70,NA,NA,NA,willow
2008-11-06T00:00:00Z,WC,42,WC42,SAMO,100,25,25,40,NA,E,2,willow
2008-11-06T00:00:00Z,WC,42,WC42,SAMO,100,100,120,120,NA,NA,NA,willow
2008-11-06T00:00:00Z,WC,42,WC42,SAMO,100,5,10,40,NA,NA,NA,willow
2008-11-06T00:00:00Z,WC,42,WC42,SAMO,100,45,40,90,NA,W,5,willow
2008-11-06T00:00:00Z,WC,42,WC42,SAMO,100,15,10,55,NA,W,1,willow
2008-11-06T00:00:00Z,WC,42,WC42,SAMO,100,5,5,35,NA,NA,NA,willow
2008-11-06T00:00:00Z,WC,42,WC42,SAMO,100,20,10,60,NA,NA,NA,willow
2008-11-06T00:00:00Z,WC,42,WC42,SAMO,100,60,55,85,NA,S,6,willow
2008-11-06T00:00:00Z,WC,42,WC42,SAMO,100,15,15,25,NA,NA,NA,willow
2008-11-06T00:00:00Z,WC,42,WC42,SAMO,100,20,15,25,NA,NA,NA,willow
2009-09-27T00:00:00Z,WC,43,WC43,NONE,0,0,0,0,NA,NA,NA,willow
2008-11-07T00:00:00Z,WC,44,WC44,SAMO,100,30,25,50,NA,NA,NA,willow
2008-11-07T00:00:00Z,WC,44,WC44,SAMO,100,15,15,60,NA,E,2,willow
2008-11-07T00:00:00Z,WC,44,WC44,SAMO,50,30,30,55,NA,E,1,willow
2008-11-07T00:00:00Z,WC,44,WC44,SAMO,100,25,10,30,NA,E,4,willow
2008-11-07T00:00:00Z,WC,44,WC44,SAMO,100,40,30,65,NA,NA,NA,willow
2008-11-07T00:00:00Z,WC,44,WC44,SAMO,100,40,45,50,NA,NA,NA,willow
2008-11-07T00:00:00Z,WC,44,WC44,SAMO,100,30,35,55,NA,NA,NA,willow
2008-11-07T00:00:00Z,WC,44,WC44,SAMO,100,50,35,50,NA,NA,NA,willow
2008-11-07T00:00:00Z,WC,44,WC44,SAMO,100,35,25,50,NA,NA,NA,willow
2008-11-07T00:00:00Z,WC,44,WC44,SAMO,100,20,30,55,NA,NA,NA,willow
2008-11-07T00:00:00Z,WC,44,WC44,SAMO,100,40,20,60,NA,NA,NA,willow
2008-11-07T00:00:00Z,WC,44,WC44,SAMO,100,40,20,50,NA,NA,NA,willow
2008-11-07T00:00:00Z,WC,44,WC44,SAMO,100,60,50,75,NA,NA,NA,willow
2008-11-07T00:00:00Z,WC,44,WC44,SAMO,100,30,15,40,NA,NA,NA,willow
2008-11-07T00:00:00Z,WC,44,WC44,SAMO,100,25,30,65,NA,NA,NA,willow
2008-11-07T00:00:00Z,WC,44,WC44,SAMO,100,40,25,55,NA,NA,NA,willow
2008-11-07T00:00:00Z,WC,44,WC44,SAMO,100,50,50,50,NA,NA,NA,willow
2008-11-07T00:00:00Z,WC,44,WC44,SAMO,100,40,30,60,NA,NA,NA,willow
2008-11-07T00:00:00Z,WC,44,WC44,SAMO,100,55,50,55,NA,NA,NA,willow
2008-11-07T00:00:00Z,WC,44,WC44,SAMO,100,50,25,60,NA,NA,NA,willow
2008-11-07T00:00:00Z,WC,44,WC44,SAMO,100,55,30,60,NA,NA,NA,willow
2008-11-07T00:00:00Z,WC,44,WC44,SAMO,100,65,45,65,NA,S,8,willow
2008-11-07T00:00:00Z,WC,44,WC44,SAMO,100,35,30,50,NA,S,3,willow
2008-11-07T00:00:00Z,WC,44,WC44,SAMO,100,45,45,50,NA,S,3,willow
2008-11-07T00:00:00Z,WC,44,WC44,SAMO,90,60,70,70,NA,S,2,willow
2008-11-07T00:00:00Z,WC,44,WC44,SAMO,80,65,60,60,NA,NA,NA,willow
2008-11-07T00:00:00Z,WC,44,WC44,SAMO,100,75,60,60,NA,NA,NA,willow
2008-11-07T00:00:00Z,WC,44,WC44,SAMO,80,80,60,70,NA,NA,NA,willow
2008-11-07T00:00:00Z,WC,44,WC44,SAMO,100,60,40,70,NA,NA,NA,willow
2008-11-07T00:00:00Z,WC,44,WC44,SAMO,100,70,60,60,NA,NA,NA,willow
2008-11-07T00:00:00Z,WC,44,WC44,SAMO,20,80,60,65,NA,NA,NA,willow
2009-09-27T00:00:00Z,WC,45,WC45,ACGL,100,50,35,80,NA,NA,NA,nonwillow
2009-09-27T00:00:00Z,WC,45,WC45,ACGL,100,35,30,50,NA,E,2,nonwillow
2009-09-27T00:00:00Z,WC,45,WC45,ALIN,20,25,20,40,NA,NA,NA,nonwillow
2009-09-27T00:00:00Z,WC,45,WC45,ALIN,100,20,10,35,NA,NA,NA,nonwillow
2009-09-27T00:00:00Z,WC,45,WC45,ALIN,100,20,15,40,NA,NA,NA,nonwillow
2009-09-27T00:00:00Z,WC,45,WC45,ALIN,100,420,330,630,NA,N,0,nonwillow
2009-09-27T00:00:00Z,WC,45,WC45,ALIN,100,20,10,30,NA,NA,NA,nonwillow
2009-09-27T00:00:00Z,WC,45,WC45,ALIN,100,10,10,30,NA,NA,NA,nonwillow
2009-09-27T00:00:00Z,WC,45,WC45,DAFR,100,65,45,50,NA,NA,NA,nonwillow
2009-09-27T00:00:00Z,WC,45,WC45,DAFR,100,40,30,65,NA,NA,NA,nonwillow
2009-09-27T00:00:00Z,WC,45,WC45,DAFR,100,25,20,45,NA,NA,NA,nonwillow
2009-09-27T00:00:00Z,WC,45,WC45,DAFR,100,20,15,40,NA,E,1,nonwillow
2009-09-27T00:00:00Z,WC,45,WC45,DAFR,100,40,35,70,NA,E,3,nonwillow
2009-09-27T00:00:00Z,WC,45,WC45,JUCO,100,85,65,25,NA,N,NA,nonwillow
2009-09-27T00:00:00Z,WC,45,WC45,PIPU,100,30,25,60,NA,W,1,nonwillow
2009-09-27T00:00:00Z,WC,45,WC45,PIPU,100,35,30,60,NA,NA,NA,nonwillow
2009-09-27T00:00:00Z,WC,45,WC45,SAGE,100,20,15,55,NA,NA,NA,willow
2009-09-27T00:00:00Z,WC,45,WC45,SAGE,100,25,20,60,NA,NA,NA,willow
2009-09-27T00:00:00Z,WC,45,WC45,SAPL,100,45,30,70,NA,NA,NA,willow
2009-09-27T00:00:00Z,WC,45,WC45,SAPL,100,70,70,90,NA,NA,NA,willow
2009-09-27T00:00:00Z,WC,45,WC45,SAPL,100,35,30,65,NA,NA,NA,willow
2009-09-27T00:00:00Z,WC,45,WC45,SAPL,100,85,45,95,NA,NA,NA,willow
2009-09-27T00:00:00Z,WC,45,WC45,SAPL,100,50,30,85,NA,W,3,willow
2009-09-27T00:00:00Z,WC,45,WC45,SAPL,100,45,25,95,NA,W,3,willow
2009-09-27T00:00:00Z,WC,45,WC45,SAPL,100,50,45,115,NA,W,6,willow
2009-09-27T00:00:00Z,WC,45,WC45,SAPL,30,70,65,131,NA,W,5,willow
2009-09-27T00:00:00Z,WC,45,WC45,SAPL,100,10,5,15,NA,NA,NA,willow
2009-09-27T00:00:00Z,WC,45,WC45,SAPL,100,55,35,80,NA,NA,NA,willow
2009-09-27T00:00:00Z,WC,45,WC45,SAPL,100,25,20,35,NA,NA,NA,willow
2009-09-27T00:00:00Z,WC,45,WC45,SAPL,100,30,20,60,NA,NA,NA,willow
2009-09-27T00:00:00Z,WC,45,WC45,SAPL,100,30,40,80,NA,NA,NA,willow
2009-09-27T00:00:00Z,WC,45,WC45,SAPL,100,60,40,125,NA,NA,NA,willow
2009-09-27T00:00:00Z,WC,45,WC45,SAPL,100,25,20,50,NA,N,1,willow
2009-09-27T00:00:00Z,WC,45,WC45,SAPL,100,65,60,90,NA,NA,NA,willow
2009-09-27T00:00:00Z,WC,45,WC45,SAPL,100,60,50,55,NA,NA,NA,willow
2009-09-27T00:00:00Z,WC,45,WC45,SAPL,100,25,20,85,NA,NA,NA,willow
2009-09-27T00:00:00Z,WC,45,WC45,SAPL,100,30,25,65,NA,NA,NA,willow
2009-09-27T00:00:00Z,WC,45,WC45,SAPL,100,50,40,50,NA,NA,NA,willow
2009-09-27T00:00:00Z,WC,45,WC45,SAPL,100,50,20,35,NA,NA,NA,willow
2009-09-27T00:00:00Z,WC,45,WC45,SAPL,100,30,20,50,NA,E,4,willow
2009-09-12T00:00:00Z,WC,46,WC46,ALIN,20,80,75,250,NA,NA,NA,nonwillow
2009-09-12T00:00:00Z,WC,46,WC46,SAPL,100,80,60,60,NA,NA,NA,willow
2009-09-12T00:00:00Z,WC,46,WC46,SAPL,100,35,25,35,NA,NA,NA,willow
2009-09-12T00:00:00Z,WC,46,WC46,SAPL,100,20,15,45,NA,NA,NA,willow
2009-09-12T00:00:00Z,WC,46,WC46,SAPL,2,310,200,340,NA,NA,NA,willow
2009-09-12T00:00:00Z,WC,46,WC46,SAPL,100,10,5,25,NA,N,1,willow
2009-09-12T00:00:00Z,WC,46,WC46,SAPL,100,10,5,20,NA,NA,NA,willow
2009-09-12T00:00:00Z,WC,47,WC47,SAGE,100,40,35,100,NA,NA,NA,willow
2009-09-12T00:00:00Z,WC,47,WC47,SAGE,100,95,90,140,NA,NA,NA,willow
2009-09-12T00:00:00Z,WC,47,WC47,SAGE,60,95,60,100,NA,NA,NA,willow
2009-09-12T00:00:00Z,WC,47,WC47,SAGE,100,55,30,80,NA,NA,NA,willow
2009-09-12T00:00:00Z,WC,47,WC47,SAGE,100,160,125,185,NA,NA,NA,willow
2009-09-12T00:00:00Z,WC,47,WC47,SAMO,75,100,95,110,NA,NA,NA,willow
2009-09-12T00:00:00Z,WC,47,WC47,SAMO,100,70,40,110,NA,NA,NA,willow
2009-09-12T00:00:00Z,WC,47,WC47,SAMO,90,90,55,115,NA,E,6,willow
2009-09-12T00:00:00Z,WC,47,WC47,SAPL,95,185,180,170,NA,NA,NA,willow
2009-09-12T00:00:00Z,WC,47,WC47,SAPL,2,450,600,480,NA,NA,NA,willow
2009-09-12T00:00:00Z,WC,48,WC48,DAFR,100,95,80,80,NA,NA,NA,nonwillow
2009-09-12T00:00:00Z,WC,48,WC48,DAFR,50,110,95,95,NA,NA,NA,nonwillow
2009-09-12T00:00:00Z,WC,48,WC48,DAFR,100,80,75,100,NA,NA,NA,nonwillow
2009-09-12T00:00:00Z,WC,48,WC48,DAFR,100,95,85,85,NA,NA,NA,nonwillow
2009-09-12T00:00:00Z,WC,48,WC48,SAGE,50,180,170,150,NA,NA,NA,willow
2009-09-12T00:00:00Z,WC,48,WC48,SAMO,90,85,60,65,NA,S,18,willow
2009-09-12T00:00:00Z,WC,48,WC48,SAMO,25,75,50,70,NA,NA,NA,willow
2009-09-12T00:00:00Z,WC,48,WC48,SAMO,100,20,25,60,NA,NA,NA,willow
2009-09-12T00:00:00Z,WC,48,WC48,SAMO,100,25,15,25,NA,NA,NA,willow
2009-09-12T00:00:00Z,WC,48,WC48,SAMO,100,15,10,35,NA,NA,NA,willow
2009-09-12T00:00:00Z,WC,48,WC48,SAMO,100,55,45,65,NA,NA,NA,willow
2009-09-12T00:00:00Z,WC,48,WC48,SAMO,100,80,45,75,NA,NA,NA,willow
2009-09-12T00:00:00Z,WC,48,WC48,SAMO,100,120,85,95,NA,E,5,willow
2009-09-12T00:00:00Z,WC,48,WC48,SAMO,100,110,100,105,NA,E,2,willow
2009-09-12T00:00:00Z,WC,48,WC48,SAMO,100,45,30,65,NA,E,3,willow
2009-09-12T00:00:00Z,WC,48,WC48,SAMO,100,45,40,45,NA,NA,NA,willow
2009-09-12T00:00:00Z,WC,48,WC48,SAMO,100,45,35,65,NA,NA,NA,willow
2009-09-12T00:00:00Z,WC,48,WC48,SAMO,100,35,30,90,NA,NA,NA,willow
2009-09-12T00:00:00Z,WC,48,WC48,SAMO,100,30,25,65,NA,NA,NA,willow
2009-09-12T00:00:00Z,WC,48,WC48,SAMO,50,20,10,15,NA,NA,NA,willow
2009-09-12T00:00:00Z,WC,48,WC48,SAMO,100,45,30,55,NA,NA,NA,willow
2009-09-12T00:00:00Z,WC,48,WC48,SAMO,100,60,40,55,NA,N,6,willow
2009-09-12T00:00:00Z,WC,48,WC48,SAMO,100,60,55,65,NA,W,2,willow
2009-09-12T00:00:00Z,WC,48,WC48,SAPL,100,60,55,60,NA,NA,NA,willow
2009-08-29T00:00:00Z,WC,49,WC49,SAMO,95,120,185,120,NA,S,11,willow
2009-09-27T00:00:00Z,WC,50,WC50,SAMO,100,55,40,100,NA,NA,NA,willow
2009-08-31T00:00:00Z,WC,51,WC51,SAGE,30,20,30,15,NA,NA,NA,willow
2009-08-31T00:00:00Z,WC,51,WC51,SAMO,70,25,18,50,NA,NA,NA,willow
2009-08-31T00:00:00Z,WC,51,WC51,SAPL,3,55,20,22,NA,NA,NA,willow
2009-09-15T00:00:00Z,WC,52,WC52,POTR,100,NA,8,30,15,NA,NA,nonwillow
2009-09-15T00:00:00Z,WC,52,WC52,POTR,100,NA,7,30,15,NA,NA,nonwillow
2009-09-15T00:00:00Z,WC,52,WC52,POTR,100,NA,30,35,10,NA,NA,nonwillow
2009-09-15T00:00:00Z,WC,52,WC52,POTR,100,NA,20,60,25,NA,NA,nonwillow
2009-09-15T00:00:00Z,WC,52,WC52,POTR,100,NA,50,65,50,NA,NA,nonwillow
2009-09-15T00:00:00Z,WC,52,WC52,POTR,100,NA,30,60,45,NA,NA,nonwillow
2009-09-15T00:00:00Z,WC,52,WC52,POTR,100,NA,40,65,35,NA,NA,nonwillow
2009-09-15T00:00:00Z,WC,52,WC52,POTR,100,NA,10,45,45,NA,NA,nonwillow
2009-09-15T00:00:00Z,WC,52,WC52,POTR,100,NA,80,70,25,NA,NA,nonwillow
2009-09-15T00:00:00Z,WC,52,WC52,POTR,100,NA,45,135,110,NA,NA,nonwillow
2009-09-15T00:00:00Z,WC,52,WC52,POTR,100,NA,45,75,60,NA,NA,nonwillow
2009-09-15T00:00:00Z,WC,52,WC52,POTR,100,NA,10,40,15,NA,NA,nonwillow
2009-09-15T00:00:00Z,WC,52,WC52,POTR,100,NA,50,95,90,NA,NA,nonwillow
2009-09-15T00:00:00Z,WC,52,WC52,POTR,75,NA,60,130,125,NA,NA,nonwillow
2009-09-15T00:00:00Z,WC,52,WC52,POTR,100,NA,45,65,20,NA,NA,nonwillow
2009-09-15T00:00:00Z,WC,52,WC52,RICE,100,NA,50,125,105,NA,NA,nonwillow
2009-09-15T00:00:00Z,WC,52,WC52,RICE,70,NA,230,160,100,NA,NA,nonwillow
2009-09-15T00:00:00Z,WC,52,WC52,RIIN,100,NA,20,90,65,NA,NA,nonwillow
2009-09-15T00:00:00Z,WC,52,WC52,RUID,100,NA,35,45,40,NA,NA,nonwillow
2009-09-15T00:00:00Z,WC,52,WC52,RUXX,100,NA,15,35,25,NA,NA,nonwillow
2009-09-15T00:00:00Z,WC,52,WC52,RUXX,20,NA,40,55,50,NA,NA,nonwillow
2009-09-15T00:00:00Z,WC,52,WC52,RUXX,100,NA,15,45,40,NA,NA,nonwillow
2009-09-15T00:00:00Z,WC,52,WC52,RUXX,100,NA,30,60,40,NA,NA,nonwillow
2009-09-15T00:00:00Z,WC,52,WC52,RUXX,100,NA,55,35,25,NA,NA,nonwillow
2009-09-15T00:00:00Z,WC,52,WC52,SAGE,5,NA,245,225,165,N,4,willow
2009-09-15T00:00:00Z,WC,52,WC52,SAGE,80,NA,215,260,210,N,3,willow
2009-09-15T00:00:00Z,WC,52,WC52,SAMO,75,NA,170,275,220,W,5,willow
2009-09-15T00:00:00Z,WC,52,WC52,SAMO,100,NA,45,100,55,NA,NA,willow
2009-09-16T00:00:00Z,WC,53,WC53,SAPL,100,NA,70,110,75,E,3,willow
2009-09-15T00:00:00Z,WC,54,WC54,BEOC,50,NA,25,65,55,NA,NA,nonwillow
2009-09-15T00:00:00Z,WC,54,WC54,BEOC,100,NA,55,135,95,NA,NA,nonwillow
2009-09-15T00:00:00Z,WC,54,WC54,RICE,100,NA,40,30,25,NA,NA,nonwillow
2009-09-15T00:00:00Z,WC,54,WC54,RIIN,100,NA,25,70,50,NA,NA,nonwillow
2009-09-15T00:00:00Z,WC,54,WC54,SABE,100,NA,10,35,5,NA,NA,willow
2009-09-15T00:00:00Z,WC,54,WC54,SABE,100,NA,125,90,60,NA,NA,willow
2009-09-15T00:00:00Z,WC,54,WC54,SABE,100,NA,25,60,40,E,1,willow
2009-09-15T00:00:00Z,WC,54,WC54,SABE,100,NA,25,65,45,E,1,willow
2009-09-16T00:00:00Z,WC,55,WC55,BEOC,100,NA,30,50,30,NA,NA,nonwillow
2009-09-16T00:00:00Z,WC,55,WC55,BEOC,80,NA,115,105,80,NA,NA,nonwillow
2009-09-16T00:00:00Z,WC,55,WC55,BEOC,90,NA,60,65,45,NA,NA,nonwillow
2009-09-16T00:00:00Z,WC,55,WC55,BEOC,100,NA,35,75,55,NA,NA,nonwillow
2009-09-16T00:00:00Z,WC,55,WC55,BEOC,50,NA,40,65,45,NA,NA,nonwillow
2009-09-16T00:00:00Z,WC,55,WC55,BEOC,100,NA,10,40,35,NA,NA,nonwillow
2009-09-16T00:00:00Z,WC,55,WC55,BEOC,100,NA,15,35,30,NA,NA,nonwillow
2009-09-16T00:00:00Z,WC,55,WC55,BEOC,100,NA,30,35,30,NA,NA,nonwillow
2009-09-16T00:00:00Z,WC,55,WC55,BEOC,50,NA,65,75,60,NA,NA,nonwillow
2009-09-16T00:00:00Z,WC,55,WC55,BEOC,5,NA,55,70,60,NA,NA,nonwillow
2009-09-16T00:00:00Z,WC,55,WC55,BEOC,100,NA,5,20,20,NA,NA,nonwillow
2009-09-16T00:00:00Z,WC,55,WC55,BEOC,100,NA,20,25,5,NA,NA,nonwillow
2009-09-16T00:00:00Z,WC,55,WC55,DAFR,100,NA,80,60,55,NA,NA,nonwillow
2009-09-16T00:00:00Z,WC,55,WC55,DAFR,100,NA,20,30,15,NA,NA,nonwillow
2009-09-16T00:00:00Z,WC,55,WC55,DAFR,100,NA,55,60,40,NA,NA,nonwillow
2009-09-16T00:00:00Z,WC,55,WC55,DAFR,100,NA,110,75,65,NA,NA,nonwillow
2009-09-16T00:00:00Z,WC,55,WC55,DAFR,100,NA,10,45,30,NA,NA,nonwillow
2009-09-16T00:00:00Z,WC,55,WC55,DAFR,40,NA,25,55,35,NA,NA,nonwillow
2009-09-16T00:00:00Z,WC,55,WC55,DAFR,90,NA,30,110,90,NA,NA,nonwillow
2009-09-16T00:00:00Z,WC,55,WC55,DAFR,100,NA,50,75,70,NA,NA,nonwillow
2009-09-16T00:00:00Z,WC,55,WC55,DAFR,100,NA,20,50,40,NA,NA,nonwillow
2009-09-16T00:00:00Z,WC,55,WC55,DAFR,100,NA,50,55,45,NA,NA,nonwillow
2009-09-16T00:00:00Z,WC,55,WC55,DAFR,100,NA,30,40,30,NA,NA,nonwillow
2009-09-16T00:00:00Z,WC,55,WC55,DAFR,100,NA,40,40,30,NA,NA,nonwillow
2009-09-16T00:00:00Z,WC,55,WC55,DAFR,100,NA,55,40,30,NA,NA,nonwillow
2009-09-16T00:00:00Z,WC,55,WC55,DAFR,100,NA,75,60,55,NA,NA,nonwillow
2009-09-16T00:00:00Z,WC,55,WC55,DAFR,100,NA,30,50,45,NA,NA,nonwillow
2009-09-16T00:00:00Z,WC,55,WC55,DAFR,100,NA,40,45,40,NA,NA,nonwillow
2009-09-16T00:00:00Z,WC,55,WC55,DAFR,100,NA,25,30,25,NA,NA,nonwillow
2009-09-16T00:00:00Z,WC,55,WC55,DAFR,100,NA,25,40,35,NA,NA,nonwillow
2009-09-16T00:00:00Z,WC,55,WC55,DAFR,100,NA,5,20,20,NA,NA,nonwillow
2009-09-16T00:00:00Z,WC,55,WC55,SAMO,100,NA,15,35,1,NA,NA,willow
2009-09-16T00:00:00Z,WC,55,WC55,SAPL,10,NA,65,95,60,NA,NA,willow
2009-09-16T00:00:00Z,WC,55,WC55,SAPL,100,NA,50,75,30,NA,NA,willow
2009-09-16T00:00:00Z,WC,55,WC55,SAPL,100,NA,20,55,30,NA,NA,willow
2009-09-16T00:00:00Z,WC,55,WC55,SAPL,100,NA,35,45,10,NA,NA,willow
2009-09-16T00:00:00Z,WC,55,WC55,SAPL,100,NA,50,65,45,NA,NA,willow
2009-09-22T00:00:00Z,WC,56,WC56,DAFR,100,NA,35,50,40,NA,NA,nonwillow
2009-09-22T00:00:00Z,WC,56,WC56,DAFR,100,NA,40,45,40,NA,NA,nonwillow
2009-09-22T00:00:00Z,WC,56,WC56,DAFR,100,NA,30,45,35,NA,NA,nonwillow
2009-09-22T00:00:00Z,WC,56,WC56,DAFR,100,NA,15,35,30,NA,NA,nonwillow
2009-09-22T00:00:00Z,WC,56,WC56,DAFR,100,NA,45,45,35,NA,NA,nonwillow
2009-09-22T00:00:00Z,WC,56,WC56,DAFR,100,NA,45,75,60,NA,NA,nonwillow
2009-09-22T00:00:00Z,WC,56,WC56,DAFR,100,NA,10,40,20,NA,NA,nonwillow
2009-09-22T00:00:00Z,WC,56,WC56,DAFR,90,NA,120,90,80,NA,NA,nonwillow
2009-09-22T00:00:00Z,WC,56,WC56,DAFR,100,NA,25,65,45,NA,NA,nonwillow
2009-09-22T00:00:00Z,WC,56,WC56,DAFR,100,NA,20,50,35,NA,NA,nonwillow
2009-09-22T00:00:00Z,WC,56,WC56,DAFR,100,NA,30,40,20,NA,NA,nonwillow
2009-09-22T00:00:00Z,WC,56,WC56,DAFR,100,NA,35,60,50,NA,NA,nonwillow
2009-09-22T00:00:00Z,WC,56,WC56,DAFR,100,NA,30,35,30,NA,NA,nonwillow
2009-09-22T00:00:00Z,WC,56,WC56,DAFR,100,NA,15,35,25,NA,NA,nonwillow
2009-09-22T00:00:00Z,WC,56,WC56,SABE,100,NA,35,70,45,NA,NA,willow
2009-09-22T00:00:00Z,WC,56,WC56,SABE,100,NA,20,50,25,NA,NA,willow
2009-09-22T00:00:00Z,WC,56,WC56,SABE,100,NA,25,60,20,NA,NA,willow
2009-09-22T00:00:00Z,WC,56,WC56,SAPL,100,NA,20,40,25,NA,NA,willow
2009-09-22T00:00:00Z,WC,56,WC56,SAPL,100,NA,30,70,35,NA,NA,willow
2009-09-22T00:00:00Z,WC,56,WC56,SAPL,100,NA,15,45,0,NA,NA,willow
2009-09-22T00:00:00Z,WC,56,WC56,SAPL,100,NA,35,55,15,E,7,willow
2009-09-22T00:00:00Z,WC,56,WC56,SAPL,100,NA,20,65,30,NA,NA,willow
2009-09-22T00:00:00Z,WC,56,WC56,SAPL,100,NA,10,60,10,NA,NA,willow
2009-09-14T00:00:00Z,WC,57,WC57,DAFR,100,NA,31,25,20,NA,NA,nonwillow
2009-09-14T00:00:00Z,WC,57,WC57,DAFR,100,NA,20,20,10,NA,NA,nonwillow
2009-09-14T00:00:00Z,WC,57,WC57,DAFR,100,NA,40,45,35,NA,NA,nonwillow
2009-09-14T00:00:00Z,WC,57,WC57,DAFR,100,NA,30,25,20,NA,NA,nonwillow
2009-09-14T00:00:00Z,WC,57,WC57,DAFR,75,NA,20,20,20,NA,NA,nonwillow
2009-09-14T00:00:00Z,WC,57,WC57,DAFR,100,NA,15,20,15,NA,NA,nonwillow
2009-09-14T00:00:00Z,WC,57,WC57,DAFR,100,NA,5,5,5,NA,NA,nonwillow
2009-09-14T00:00:00Z,WC,57,WC57,DAFR,100,NA,10,15,15,NA,NA,nonwillow
2009-09-14T00:00:00Z,WC,57,WC57,DAFR,100,NA,10,15,10,NA,NA,nonwillow
2009-09-14T00:00:00Z,WC,57,WC57,DAFR,100,NA,15,15,15,NA,NA,nonwillow
2009-09-14T00:00:00Z,WC,57,WC57,DAFR,100,NA,20,20,15,NA,NA,nonwillow
2009-09-14T00:00:00Z,WC,57,WC57,DAFR,100,NA,40,20,20,NA,NA,nonwillow
2009-09-14T00:00:00Z,WC,57,WC57,DAFR,100,NA,10,15,10,NA,NA,nonwillow
2009-09-14T00:00:00Z,WC,57,WC57,DAFR,50,NA,35,20,15,NA,NA,nonwillow
2009-09-14T00:00:00Z,WC,57,WC57,DAFR,100,NA,30,20,20,NA,NA,nonwillow
2009-09-14T00:00:00Z,WC,57,WC57,DAFR,20,NA,90,35,35,NA,NA,nonwillow
2009-09-14T00:00:00Z,WC,57,WC57,DAFR,100,NA,20,30,25,NA,NA,nonwillow
2009-09-14T00:00:00Z,WC,57,WC57,DAFR,10,NA,30,20,20,NA,NA,nonwillow
2009-09-14T00:00:00Z,WC,57,WC57,DAFR,100,NA,40,25,25,NA,NA,nonwillow
2009-09-14T00:00:00Z,WC,57,WC57,DAFR,100,NA,15,20,15,NA,NA,nonwillow
2009-09-14T00:00:00Z,WC,57,WC57,DAFR,100,NA,15,15,10,NA,NA,nonwillow
2009-09-14T00:00:00Z,WC,57,WC57,DAFR,100,NA,15,30,25,NA,NA,nonwillow
2009-09-14T00:00:00Z,WC,57,WC57,DAFR,100,NA,15,15,15,NA,NA,nonwillow
2009-09-14T00:00:00Z,WC,57,WC57,DAFR,100,NA,35,25,20,NA,NA,nonwillow
2009-09-14T00:00:00Z,WC,57,WC57,DAFR,100,NA,5,15,15,NA,NA,nonwillow
2009-09-14T00:00:00Z,WC,57,WC57,DAFR,100,NA,15,25,20,NA,NA,nonwillow
2009-09-14T00:00:00Z,WC,57,WC57,SAPL,100,NA,40,55,30,S,11,willow
2009-09-14T00:00:00Z,WC,57,WC57,SAPL,50,NA,140,20,15,E,18,willow
2009-09-14T00:00:00Z,WC,57,WC57,SAPL,100,NA,30,20,10,NA,NA,willow
2009-09-14T00:00:00Z,WC,57,WC57,SAPL,100,NA,10,20,20,NA,NA,willow
2008-09-18T00:00:00Z,WNC,1,WNC1,SAGE,100,25,20,45,NA,NA,NA,willow
2008-09-18T00:00:00Z,WNC,1,WNC1,SAGE,100,70,50,95,NA,NA,NA,willow
2008-09-18T00:00:00Z,WNC,1,WNC1,SAPL,100,110,95,134,NA,NA,NA,willow
2008-09-18T00:00:00Z,WNC,1,WNC1,SAPL,100,90,80,110,NA,NA,NA,willow
2008-09-18T00:00:00Z,WNC,1,WNC1,SAPL,100,85,75,100,NA,NA,NA,willow
2008-09-18T00:00:00Z,WNC,1,WNC1,SAPL,100,105,75,150,NA,NA,NA,willow
2008-09-18T00:00:00Z,WNC,1,WNC1,SAPL,100,110,90,170,NA,NA,NA,willow
2008-09-18T00:00:00Z,WNC,1,WNC1,SAPL,100,160,85,140,NA,NA,NA,willow
2008-09-18T00:00:00Z,WNC,1,WNC1,SAPL,100,95,60,225,NA,NA,NA,willow
2008-09-18T00:00:00Z,WNC,1,WNC1,SAPL,100,65,60,120,NA,NA,NA,willow
2008-09-18T00:00:00Z,WNC,1,WNC1,SAPL,100,15,10,70,NA,NA,NA,willow
2008-09-18T00:00:00Z,WNC,1,WNC1,SAPL,100,110,85,140,NA,NA,NA,willow
2008-09-18T00:00:00Z,WNC,1,WNC1,SAPL,100,40,35,90,NA,NA,NA,willow
2008-09-18T00:00:00Z,WNC,1,WNC1,SAPL,100,30,30,70,NA,NA,NA,willow
2008-09-18T00:00:00Z,WNC,1,WNC1,SAPL,100,90,80,220,NA,NA,NA,willow
2008-09-18T00:00:00Z,WNC,1,WNC1,SAPL,100,50,50,240,NA,NA,NA,willow
2008-09-18T00:00:00Z,WNC,1,WNC1,SAPL,100,90,60,120,NA,NA,NA,willow
2008-09-18T00:00:00Z,WNC,1,WNC1,SAPL,10,190,180,210,NA,NA,NA,willow
2008-09-18T00:00:00Z,WNC,2,WNC2,ALIN,100,70,60,185,NA,NA,NA,nonwillow
2008-09-18T00:00:00Z,WNC,2,WNC2,SAPL,5,170,160,330,NA,NA,NA,willow
2008-09-18T00:00:00Z,WNC,2,WNC2,SAPL,25,350,210,340,NA,NA,NA,willow
2008-09-18T00:00:00Z,WNC,2,WNC2,SAPL,100,90,120,340,NA,NA,NA,willow
2008-09-18T00:00:00Z,WNC,2,WNC2,SAPL,5,110,115,210,NA,NA,NA,willow
2008-09-18T00:00:00Z,WNC,2,WNC2,SAPL,100,130,80,220,NA,NA,NA,willow
2008-09-18T00:00:00Z,WNC,2,WNC2,SAPL,50,40,35,115,NA,NA,NA,willow
2008-09-18T00:00:00Z,WNC,2,WNC2,SAPL,20,100,120,270,NA,NA,NA,willow
2008-09-18T00:00:00Z,WNC,2,WNC2,SAPL,100,150,90,320,NA,NA,NA,willow
2008-09-18T00:00:00Z,WNC,2,WNC2,SAPL,100,100,90,160,NA,NA,NA,willow
2008-09-18T00:00:00Z,WNC,2,WNC2,SAPL,100,80,70,145,NA,NA,NA,willow
2008-09-18T00:00:00Z,WNC,2,WNC2,SAPL,100,190,170,350,NA,NA,NA,willow
2008-09-18T00:00:00Z,WNC,2,WNC2,SAPL,60,250,190,380,NA,NA,NA,willow
2008-09-18T00:00:00Z,WNC,2,WNC2,SAPL,100,90,70,225,NA,NA,NA,willow
2008-07-22T00:00:00Z,WNC,3,WNC3,BEGL,100,75,30,140,NA,NA,NA,nonwillow
2008-07-22T00:00:00Z,WNC,3,WNC3,BEGL,100,96,43,139,NA,NA,NA,nonwillow
2008-07-22T00:00:00Z,WNC,3,WNC3,BEGL,100,26,24,95,NA,NA,NA,nonwillow
2008-07-22T00:00:00Z,WNC,3,WNC3,BEGL,100,72,34,110,NA,NA,NA,nonwillow
2008-07-22T00:00:00Z,WNC,3,WNC3,BEGL,100,120,48,214,NA,NA,NA,nonwillow
2008-07-22T00:00:00Z,WNC,3,WNC3,BEGL,100,99,84,186,NA,NA,NA,nonwillow
2008-07-22T00:00:00Z,WNC,3,WNC3,BEGL,100,89,63,239,NA,NA,NA,nonwillow
2008-07-22T00:00:00Z,WNC,3,WNC3,BEGL,100,52,43,184,NA,NA,NA,nonwillow
2008-07-22T00:00:00Z,WNC,3,WNC3,PICO,100,70,60,195,NA,NA,NA,nonwillow
2008-07-22T00:00:00Z,WNC,3,WNC3,SAGE,100,72,53,248,NA,NA,NA,willow
2008-07-22T00:00:00Z,WNC,3,WNC3,SAGE,100,129,71,300,NA,NA,NA,willow
2008-07-22T00:00:00Z,WNC,3,WNC3,SAGE,100,59,63,252,NA,NA,NA,willow
2008-07-22T00:00:00Z,WNC,3,WNC3,SAMO,100,240,220,315,NA,W,30,willow
2008-07-22T00:00:00Z,WNC,3,WNC3,SAMO,100,27,26,84,NA,NA,NA,willow
2008-07-22T00:00:00Z,WNC,3,WNC3,SAMO,100,56,44,188,NA,NA,NA,willow
2008-07-22T00:00:00Z,WNC,3,WNC3,SAMO,100,305,220,383,NA,E,50,willow
2008-07-22T00:00:00Z,WNC,3,WNC3,SAPL,100,89,64,83,NA,NA,NA,willow
2008-07-22T00:00:00Z,WNC,3,WNC3,SAPL,100,31,27,90,NA,NA,NA,willow
2008-07-22T00:00:00Z,WNC,3,WNC3,SAXX,100,14,13,44,NA,NA,NA,willow
2008-07-24T00:00:00Z,WNC,4,WNC4,SAGE,100,190,160,260,NA,NA,NA,willow
2008-07-24T00:00:00Z,WNC,4,WNC4,SAGE,100,95,70,230,NA,NA,NA,willow
2008-07-24T00:00:00Z,WNC,4,WNC4,SAGE,100,170,135,225,NA,NA,NA,willow
2008-07-24T00:00:00Z,WNC,4,WNC4,SAGE,100,155,100,190,NA,NA,NA,willow
2008-07-24T00:00:00Z,WNC,4,WNC4,SAGE,100,40,35,105,NA,NA,NA,willow
2008-07-24T00:00:00Z,WNC,4,WNC4,SAMO,100,40,30,90,NA,N,3,willow
2008-07-24T00:00:00Z,WNC,4,WNC4,SAMO,100,30,20,55,NA,N,5,willow
2008-07-24T00:00:00Z,WNC,5,WNC5,ALIN,2,270,240,440,NA,NA,NA,nonwillow
2008-07-24T00:00:00Z,WNC,5,WNC5,SAMO,10,530,470,460,NA,N,0,willow
2008-07-24T00:00:00Z,WNC,5,WNC5,SAMO,80,455,420,370,NA,N,16,willow
2008-07-24T00:00:00Z,WNC,5,WNC5,SAMO,30,170,190,260,NA,S,4,willow
2008-07-24T00:00:00Z,WNC,5,WNC5,SAMO,100,25,20,70,NA,S,1,willow
2008-07-24T00:00:00Z,WNC,5,WNC5,SAMO,100,40,45,130,NA,S,2,willow
2008-07-24T00:00:00Z,WNC,5,WNC5,SAMO,60,175,90,130,NA,NA,NA,willow
2008-07-24T00:00:00Z,WNC,5,WNC5,SAMO,100,40,30,75,NA,NA,NA,willow
2008-07-24T00:00:00Z,WNC,5,WNC5,SAMO,100,40,35,115,NA,E,1,willow
2008-07-24T00:00:00Z,WNC,5,WNC5,SAMO,100,30,30,120,NA,E,1,willow
2008-07-24T00:00:00Z,WNC,5,WNC5,SAMO,100,25,15,20,NA,E,1,willow
2008-07-24T00:00:00Z,WNC,5,WNC5,SAPL,2,370,325,520,NA,W,0,willow
2008-07-24T00:00:00Z,WNC,5,WNC5,SAPL,100,50,25,110,NA,NA,NA,willow
2008-07-25T00:00:00Z,WNC,6,WNC6,ALIN,25,230,210,330,NA,NA,NA,nonwillow
2008-07-25T00:00:00Z,WNC,6,WNC6,ALIN,100,270,220,220,NA,NA,NA,nonwillow
2008-07-25T00:00:00Z,WNC,6,WNC6,SAMO,100,25,25,55,NA,E,3,willow
2008-07-25T00:00:00Z,WNC,6,WNC6,SAMO,100,25,30,95,NA,E,2,willow
2008-07-25T00:00:00Z,WNC,6,WNC6,SAMO,100,35,20,70,NA,NA,NA,willow
2008-07-25T00:00:00Z,WNC,6,WNC6,SAMO,30,30,20,65,NA,NA,NA,willow
2008-07-25T00:00:00Z,WNC,6,WNC6,SAMO,100,25,20,50,NA,NA,NA,willow
2008-07-25T00:00:00Z,WNC,6,WNC6,SAMO,100,35,25,70,NA,NA,NA,willow
2008-07-25T00:00:00Z,WNC,6,WNC6,SAMO,100,65,60,90,NA,NA,NA,willow
2008-07-25T00:00:00Z,WNC,6,WNC6,SAMO,100,30,20,60,NA,NA,NA,willow
2008-07-25T00:00:00Z,WNC,6,WNC6,SAMO,100,15,15,45,NA,NA,NA,willow
2008-07-25T00:00:00Z,WNC,6,WNC6,SAMO,100,50,40,70,NA,NA,NA,willow
2008-07-25T00:00:00Z,WNC,6,WNC6,SAMO,100,40,35,135,NA,N,2,willow
2008-07-25T00:00:00Z,WNC,6,WNC6,SAMO,100,25,20,20,NA,N,2,willow
2008-07-25T00:00:00Z,WNC,6,WNC6,SAMO,100,60,40,40,NA,NA,NA,willow
2008-07-25T00:00:00Z,WNC,6,WNC6,SAMO,100,30,25,25,NA,NA,NA,willow
2008-07-25T00:00:00Z,WNC,6,WNC6,SAPL,100,20,15,45,NA,NA,NA,willow
2008-07-25T00:00:00Z,WNC,6,WNC6,SAPL,100,40,35,75,NA,NA,NA,willow
2008-07-25T00:00:00Z,WNC,6,WNC6,SAPL,100,55,50,70,NA,NA,NA,willow
2008-07-25T00:00:00Z,WNC,6,WNC6,SAPL,100,35,35,85,NA,N,2,willow
2008-07-25T00:00:00Z,WNC,6,WNC6,SAPL,100,30,20,20,NA,N,1,willow
2008-07-25T00:00:00Z,WNC,6,WNC6,SAPL,100,35,25,25,NA,N,3,willow
2008-07-25T00:00:00Z,WNC,6,WNC6,SAPL,100,50,35,35,NA,N,2,willow
2008-07-25T00:00:00Z,WNC,6,WNC6,SAPL,100,60,35,35,NA,NA,NA,willow
2008-08-06T00:00:00Z,WNC,7,WNC7,SAMO,5,100,90,115,NA,NA,NA,willow
2008-08-06T00:00:00Z,WNC,7,WNC7,SAMO,100,40,30,65,NA,S,1,willow
2008-08-06T00:00:00Z,WNC,7,WNC7,SAMO,95,95,70,95,NA,S,NA,willow
2008-08-06T00:00:00Z,WNC,7,WNC7,SAMO,100,95,85,100,NA,S,NA,willow
2008-08-06T00:00:00Z,WNC,7,WNC7,SAMO,100,25,20,40,NA,NA,NA,willow
2008-08-06T00:00:00Z,WNC,7,WNC7,SAMO,40,120,105,100,NA,W,NA,willow
2008-08-06T00:00:00Z,WNC,7,WNC7,SAMO,2,110,105,115,NA,W,NA,willow
2008-08-06T00:00:00Z,WNC,7,WNC7,SAMO,100,40,30,75,NA,W,5,willow
2008-08-06T00:00:00Z,WNC,7,WNC7,SAMO,50,100,85,100,NA,NA,NA,willow
2008-08-06T00:00:00Z,WNC,7,WNC7,SAMO,100,95,70,110,NA,NA,NA,willow
2008-08-06T00:00:00Z,WNC,7,WNC7,SAMO,100,50,35,60,NA,NA,NA,willow
2008-08-06T00:00:00Z,WNC,7,WNC7,SAMO,100,130,115,110,NA,NA,NA,willow
2008-08-06T00:00:00Z,WNC,7,WNC7,SAMO,100,10,10,30,NA,NA,NA,willow
2008-08-06T00:00:00Z,WNC,7,WNC7,SAMO,100,70,50,70,NA,NA,NA,willow
2008-08-06T00:00:00Z,WNC,7,WNC7,SAMO,100,40,25,45,NA,NA,NA,willow
2008-08-06T00:00:00Z,WNC,7,WNC7,SAMO,100,10,10,30,NA,NA,NA,willow
2008-08-06T00:00:00Z,WNC,7,WNC7,SAMO,75,25,15,35,NA,NA,NA,willow
2008-08-06T00:00:00Z,WNC,7,WNC7,SAMO,100,65,45,70,NA,NA,NA,willow
2008-08-06T00:00:00Z,WNC,7,WNC7,SAMO,100,25,20,40,NA,NA,NA,willow
2008-08-06T00:00:00Z,WNC,7,WNC7,SAMO,100,40,35,55,NA,NA,NA,willow
2008-08-06T00:00:00Z,WNC,7,WNC7,SAMO,100,70,60,65,NA,NA,NA,willow
2008-08-06T00:00:00Z,WNC,7,WNC7,SAMO,100,20,15,50,NA,NA,NA,willow
2008-08-06T00:00:00Z,WNC,7,WNC7,SAMO,100,40,20,50,NA,N,3,willow
2008-08-06T00:00:00Z,WNC,7,WNC7,SAMO,100,100,80,85,NA,N,5,willow
2008-08-06T00:00:00Z,WNC,7,WNC7,SAPL,100,30,20,60,NA,NA,NA,willow
2008-08-04T00:00:00Z,WNC,8,WNC8,SAMO,100,40,35,120,NA,E,4,willow
2008-08-04T00:00:00Z,WNC,8,WNC8,SAMO,60,80,60,140,NA,E,5,willow
2008-08-04T00:00:00Z,WNC,8,WNC8,SAMO,100,30,20,90,NA,E,2,willow
2008-08-04T00:00:00Z,WNC,8,WNC8,SAMO,5,35,35,80,NA,NA,NA,willow
2008-08-04T00:00:00Z,WNC,8,WNC8,SAMO,100,25,25,130,NA,NA,NA,willow
2008-08-04T00:00:00Z,WNC,8,WNC8,SAMO,100,30,25,75,NA,NA,NA,willow
2008-08-04T00:00:00Z,WNC,8,WNC8,SAMO,100,200,190,340,NA,NA,NA,willow
2008-08-04T00:00:00Z,WNC,8,WNC8,SAMO,10,190,175,325,NA,S,3,willow
2008-08-04T00:00:00Z,WNC,8,WNC8,SAPL,100,10,10,110,NA,NA,NA,willow
2008-08-07T00:00:00Z,WNC,9,WNC9,SAGE,100,30,20,35,NA,N,3,willow
2008-08-07T00:00:00Z,WNC,9,WNC9,SAGE,100,25,20,45,NA,NA,NA,willow
2008-08-07T00:00:00Z,WNC,9,WNC9,SAGE,50,25,20,50,NA,NA,NA,willow
2008-08-07T00:00:00Z,WNC,9,WNC9,SAGE,100,45,30,70,NA,NA,NA,willow
2008-08-07T00:00:00Z,WNC,9,WNC9,SAMO,20,40,35,50,NA,N,1,willow
2008-08-07T00:00:00Z,WNC,9,WNC9,SAMO,NA,40,35,60,NA,N,6,willow
2008-08-07T00:00:00Z,WNC,9,WNC9,SAMO,100,40,30,55,NA,N,7,willow
2008-08-07T00:00:00Z,WNC,9,WNC9,SAMO,100,30,25,45,NA,N,2,willow
2008-08-07T00:00:00Z,WNC,9,WNC9,SAMO,100,30,25,55,NA,NA,NA,willow
2008-08-07T00:00:00Z,WNC,9,WNC9,SAMO,100,20,20,45,NA,NA,NA,willow
2008-08-07T00:00:00Z,WNC,9,WNC9,SAMO,100,50,30,40,NA,NA,NA,willow
2008-08-07T00:00:00Z,WNC,9,WNC9,SAMO,100,35,20,40,NA,NA,NA,willow
2008-08-07T00:00:00Z,WNC,9,WNC9,SAMO,50,45,30,45,NA,NA,NA,willow
2008-08-07T00:00:00Z,WNC,9,WNC9,SAMO,100,25,15,25,NA,NA,NA,willow
2008-08-07T00:00:00Z,WNC,9,WNC9,SAMO,100,10,10,30,NA,NA,NA,willow
2008-08-07T00:00:00Z,WNC,9,WNC9,SAMO,100,15,10,35,NA,NA,NA,willow
2008-08-07T00:00:00Z,WNC,9,WNC9,SAMO,100,25,20,35,NA,NA,NA,willow
2008-08-07T00:00:00Z,WNC,9,WNC9,SAMO,100,55,35,50,NA,E,3,willow
2008-08-07T00:00:00Z,WNC,9,WNC9,SAMO,100,60,50,55,NA,E,NA,willow
2008-08-07T00:00:00Z,WNC,9,WNC9,SAMO,100,55,50,45,NA,NA,NA,willow
2008-08-07T00:00:00Z,WNC,9,WNC9,SAMO,100,35,30,50,NA,NA,NA,willow
2008-08-07T00:00:00Z,WNC,9,WNC9,SAMO,40,45,30,55,NA,NA,NA,willow
2008-08-07T00:00:00Z,WNC,9,WNC9,SAMO,100,25,35,60,NA,NA,NA,willow
2008-08-07T00:00:00Z,WNC,9,WNC9,SAMO,100,25,20,65,NA,NA,NA,willow
2008-08-07T00:00:00Z,WNC,9,WNC9,SAMO,100,20,20,60,NA,NA,NA,willow
2008-08-07T00:00:00Z,WNC,9,WNC9,SAMO,100,20,15,55,NA,NA,NA,willow
2008-08-07T00:00:00Z,WNC,9,WNC9,SAMO,100,45,35,50,NA,NA,NA,willow
2008-08-07T00:00:00Z,WNC,9,WNC9,SAMO,100,25,25,40,NA,NA,NA,willow
2008-08-07T00:00:00Z,WNC,9,WNC9,SAMO,20,60,55,55,NA,W,2,willow
2008-08-07T00:00:00Z,WNC,10,WNC10,SAGE,100,30,25,45,NA,NA,NA,willow
2008-08-07T00:00:00Z,WNC,10,WNC10,SAGE,100,15,15,35,NA,NA,NA,willow
2008-08-07T00:00:00Z,WNC,10,WNC10,SAGE,100,25,20,40,NA,S,2,willow
2008-08-07T00:00:00Z,WNC,10,WNC10,SAGE,100,35,30,70,NA,S,NA,willow
2008-08-07T00:00:00Z,WNC,10,WNC10,SAGE,100,20,20,40,NA,NA,NA,willow
2008-08-07T00:00:00Z,WNC,10,WNC10,SAGE,100,25,25,40,NA,NA,NA,willow
2008-08-07T00:00:00Z,WNC,10,WNC10,SAGE,100,30,30,45,NA,W,4,willow
2008-08-07T00:00:00Z,WNC,10,WNC10,SAGE,100,50,40,60,NA,W,NA,willow
2008-08-07T00:00:00Z,WNC,10,WNC10,SAGE,100,30,25,30,NA,NA,NA,willow
2008-08-07T00:00:00Z,WNC,10,WNC10,SAMO,100,10,10,40,NA,NA,NA,willow
2008-08-07T00:00:00Z,WNC,10,WNC10,SAMO,100,15,10,40,NA,NA,NA,willow
2008-08-07T00:00:00Z,WNC,10,WNC10,SAMO,100,35,30,45,NA,NA,NA,willow
2008-08-07T00:00:00Z,WNC,10,WNC10,SAMO,100,25,10,40,NA,NA,NA,willow
2008-08-07T00:00:00Z,WNC,10,WNC10,SAMO,100,35,20,50,NA,NA,NA,willow
2008-08-07T00:00:00Z,WNC,10,WNC10,SAMO,100,15,10,30,NA,S,2,willow
2008-08-07T00:00:00Z,WNC,10,WNC10,SAMO,100,65,70,55,NA,S,NA,willow
2008-08-07T00:00:00Z,WNC,10,WNC10,SAMO,100,35,30,75,NA,S,NA,willow
2008-08-07T00:00:00Z,WNC,10,WNC10,SAMO,100,40,25,55,NA,NA,NA,willow
2008-08-07T00:00:00Z,WNC,10,WNC10,SAMO,100,50,40,35,NA,NA,NA,willow
2008-08-07T00:00:00Z,WNC,10,WNC10,SAMO,100,40,30,55,NA,NA,NA,willow
2008-08-07T00:00:00Z,WNC,10,WNC10,SAMO,100,30,30,35,NA,NA,NA,willow
2008-08-07T00:00:00Z,WNC,10,WNC10,SAMO,100,25,15,35,NA,NA,NA,willow
2008-08-07T00:00:00Z,WNC,10,WNC10,SAMO,100,35,20,65,NA,NA,NA,willow
2008-08-07T00:00:00Z,WNC,10,WNC10,SAMO,100,20,25,35,NA,NA,NA,willow
2008-08-07T00:00:00Z,WNC,10,WNC10,SAMO,100,45,30,40,NA,NA,NA,willow
2008-08-07T00:00:00Z,WNC,10,WNC10,SAMO,100,20,15,25,NA,NA,NA,willow
2008-08-07T00:00:00Z,WNC,10,WNC10,SAMO,100,20,10,25,NA,NA,NA,willow
2008-08-07T00:00:00Z,WNC,10,WNC10,SAMO,100,15,15,15,NA,NA,NA,willow
2008-08-07T00:00:00Z,WNC,10,WNC10,SAMO,100,15,10,30,NA,NA,NA,willow
2008-08-07T00:00:00Z,WNC,10,WNC10,SAMO,50,25,35,65,NA,NA,NA,willow
2008-08-07T00:00:00Z,WNC,10,WNC10,SAMO,100,65,50,70,NA,NA,NA,willow
2008-08-07T00:00:00Z,WNC,10,WNC10,SAMO,100,20,15,35,NA,W,2,willow
2008-08-07T00:00:00Z,WNC,10,WNC10,SAMO,100,30,20,35,NA,W,2,willow
2008-08-07T00:00:00Z,WNC,10,WNC10,SAMO,100,25,20,30,NA,W,3,willow
2008-08-07T00:00:00Z,WNC,10,WNC10,SAMO,100,25,20,35,NA,W,3,willow
2008-08-07T00:00:00Z,WNC,10,WNC10,SAMO,100,10,10,30,NA,W,1,willow
2008-08-07T00:00:00Z,WNC,10,WNC10,SAMO,75,30,30,50,NA,W,4,willow
2008-08-07T00:00:00Z,WNC,10,WNC10,SAMO,100,25,25,30,NA,NA,NA,willow
2008-08-07T00:00:00Z,WNC,10,WNC10,SAMO,100,20,15,30,NA,NA,NA,willow
2008-08-07T00:00:00Z,WNC,10,WNC10,SAMO,100,15,10,20,NA,NA,NA,willow
2008-08-07T00:00:00Z,WNC,10,WNC10,SAMO,75,35,20,30,NA,NA,NA,willow
2008-08-07T00:00:00Z,WNC,10,WNC10,SAMO,100,35,30,40,NA,NA,NA,willow
2008-08-07T00:00:00Z,WNC,10,WNC10,SAMO,100,15,10,30,NA,NA,NA,willow
2008-08-07T00:00:00Z,WNC,10,WNC10,SAMO,100,25,20,50,NA,NA,NA,willow
2008-08-07T00:00:00Z,WNC,10,WNC10,SAPL,100,45,40,40,NA,NA,NA,willow
2008-08-07T00:00:00Z,WNC,10,WNC10,SAPL,100,30,30,35,NA,NA,NA,willow
2008-08-07T00:00:00Z,WNC,10,WNC10,SAPL,100,10,15,15,NA,NA,NA,willow
2008-08-07T00:00:00Z,WNC,10,WNC10,SAPL,100,20,15,40,NA,NA,NA,willow
2008-08-07T00:00:00Z,WNC,10,WNC10,SAPL,100,45,35,40,NA,NA,NA,willow
2008-08-07T00:00:00Z,WNC,10,WNC10,SAPL,100,20,15,30,NA,W,2,willow
2008-08-14T00:00:00Z,WNC,11,WNC11,SAMO,100,40,30,80,NA,E,2,willow
2008-08-14T00:00:00Z,WNC,11,WNC11,SAMO,100,80,50,105,NA,NA,NA,willow
2008-08-14T00:00:00Z,WNC,12,WNC12,BEOC,100,35,30,80,NA,E,1,nonwillow
2008-08-14T00:00:00Z,WNC,12,WNC12,SADR,100,35,30,50,NA,N,4,willow
2008-08-14T00:00:00Z,WNC,12,WNC12,SADR,100,15,10,30,NA,N,1,willow
2008-08-14T00:00:00Z,WNC,12,WNC12,SADR,100,15,15,35,NA,NA,NA,willow
2008-08-14T00:00:00Z,WNC,12,WNC12,SADR,100,20,15,50,NA,NA,NA,willow
2008-08-14T00:00:00Z,WNC,12,WNC12,SADR,100,30,20,40,NA,NA,NA,willow
2008-08-14T00:00:00Z,WNC,12,WNC12,SALA,100,35,30,70,NA,NA,NA,willow
2008-08-14T00:00:00Z,WNC,12,WNC12,SALA,25,50,30,80,NA,NA,NA,willow
2008-08-14T00:00:00Z,WNC,12,WNC12,SALA,100,25,20,60,NA,NA,NA,willow
2008-08-14T00:00:00Z,WNC,12,WNC12,SALA,100,30,25,70,NA,NA,NA,willow
2008-08-14T00:00:00Z,WNC,12,WNC12,SALA,100,35,35,70,NA,NA,NA,willow
2008-08-14T00:00:00Z,WNC,12,WNC12,SALA,100,40,25,90,NA,NA,NA,willow
2008-08-14T00:00:00Z,WNC,12,WNC12,SALA,100,25,20,50,NA,NA,NA,willow
2008-08-14T00:00:00Z,WNC,12,WNC12,SAMO,50,25,25,65,NA,NA,NA,willow
2008-08-14T00:00:00Z,WNC,12,WNC12,SAMO,100,40,30,70,NA,NA,NA,willow
2008-08-14T00:00:00Z,WNC,12,WNC12,SAMO,100,20,15,65,NA,NA,NA,willow
2008-08-14T00:00:00Z,WNC,12,WNC12,SAMO,100,15,10,30,NA,NA,NA,willow
2008-08-14T00:00:00Z,WNC,12,WNC12,SAMO,50,30,20,80,NA,NA,NA,willow
2008-08-14T00:00:00Z,WNC,12,WNC12,SAMO,100,30,20,95,NA,NA,NA,willow
2008-08-14T00:00:00Z,WNC,12,WNC12,SAMO,100,25,15,55,NA,NA,NA,willow
2008-08-14T00:00:00Z,WNC,12,WNC12,SAMO,100,15,10,40,NA,NA,NA,willow
2008-08-14T00:00:00Z,WNC,12,WNC12,SAMO,100,40,25,85,NA,NA,NA,willow
2008-08-14T00:00:00Z,WNC,12,WNC12,SAMO,100,120,90,155,NA,NA,NA,willow
2008-08-14T00:00:00Z,WNC,12,WNC12,SAMO,100,70,60,130,NA,E,5,willow
2008-08-14T00:00:00Z,WNC,12,WNC12,SAMO,100,120,95,150,NA,E,NA,willow
2008-08-14T00:00:00Z,WNC,12,WNC12,SAMO,100,30,25,75,NA,NA,NA,willow
2008-08-14T00:00:00Z,WNC,12,WNC12,SAMO,100,20,15,40,NA,NA,NA,willow
2008-08-14T00:00:00Z,WNC,12,WNC12,SAMO,100,60,35,95,NA,NA,NA,willow
2008-08-14T00:00:00Z,WNC,12,WNC12,SAMO,100,30,20,55,NA,NA,NA,willow
2008-08-14T00:00:00Z,WNC,12,WNC12,SAMO,100,60,55,80,NA,NA,NA,willow
2008-08-14T00:00:00Z,WNC,12,WNC12,SAMO,100,65,40,90,NA,NA,NA,willow
2008-08-14T00:00:00Z,WNC,12,WNC12,SAMO,100,60,45,85,NA,NA,NA,willow
2008-08-14T00:00:00Z,WNC,12,WNC12,SAMO,100,80,75,135,NA,S,5,willow
2008-08-14T00:00:00Z,WNC,12,WNC12,SAMO,90,130,100,140,NA,S,NA,willow
2008-08-14T00:00:00Z,WNC,12,WNC12,SAMO,100,50,40,75,NA,S,3,willow
2008-08-14T00:00:00Z,WNC,12,WNC12,SAMO,100,50,60,55,NA,NA,NA,willow
2008-08-14T00:00:00Z,WNC,12,WNC12,SAMO,20,70,45,75,NA,NA,NA,willow
2008-08-14T00:00:00Z,WNC,12,WNC12,SAMO,100,55,45,80,NA,NA,NA,willow
2008-08-14T00:00:00Z,WNC,12,WNC12,SAMO,100,90,70,100,NA,NA,NA,willow
2008-08-14T00:00:00Z,WNC,12,WNC12,SAMO,100,100,85,125,NA,NA,NA,willow
2008-08-14T00:00:00Z,WNC,12,WNC12,SAMO,50,30,20,60,NA,NA,NA,willow
2008-08-14T00:00:00Z,WNC,12,WNC12,SAMO,100,20,20,70,NA,NA,NA,willow
2008-08-14T00:00:00Z,WNC,12,WNC12,SAMO,50,45,35,60,NA,E,5,willow
2008-08-14T00:00:00Z,WNC,12,WNC12,SAMO,100,15,15,40,NA,E,3,willow
2008-08-14T00:00:00Z,WNC,12,WNC12,SAMO,20,60,60,80,NA,E,5,willow
2008-08-14T00:00:00Z,WNC,12,WNC12,SAMO,100,40,25,60,NA,NA,NA,willow
2008-08-14T00:00:00Z,WNC,12,WNC12,SAMO,100,50,45,70,NA,NA,NA,willow
2008-08-14T00:00:00Z,WNC,12,WNC12,SAMO,100,35,20,70,NA,NA,NA,willow
2008-08-14T00:00:00Z,WNC,12,WNC12,SAPE,100,30,30,65,NA,NA,NA,willow
2008-08-14T00:00:00Z,WNC,12,WNC12,SAPE,100,40,30,95,NA,NA,NA,willow
2008-08-14T00:00:00Z,WNC,12,WNC12,SAPE,100,20,15,50,NA,NA,NA,willow
2008-08-14T00:00:00Z,WNC,12,WNC12,SAPE,100,15,10,40,NA,NA,NA,willow
2008-08-14T00:00:00Z,WNC,12,WNC12,SAPL,100,35,40,75,NA,NA,NA,willow
2008-08-14T00:00:00Z,WNC,12,WNC12,SAPL,100,35,25,50,NA,NA,NA,willow
2008-08-14T00:00:00Z,WNC,12,WNC12,SAPL,100,25,25,75,NA,NA,NA,willow
2008-08-14T00:00:00Z,WNC,12,WNC12,SAPL,100,40,30,55,NA,NA,NA,willow
2008-08-19T00:00:00Z,WNC,13,WNC13,SAMO,30,320,230,310,NA,NA,NA,willow
2008-08-19T00:00:00Z,WNC,13,WNC13,SAMO,100,60,65,185,NA,NA,NA,willow
2008-08-19T00:00:00Z,WNC,13,WNC13,SAMO,70,85,65,125,NA,E,6,willow
2008-08-18T00:00:00Z,WNC,14,WNC14,BEOC,100,40,20,55,NA,NA,NA,nonwillow
2008-08-18T00:00:00Z,WNC,14,WNC14,SAGE,5,480,430,455,NA,E,0,willow
2008-08-18T00:00:00Z,WNC,14,WNC14,SAGE,10,570,440,430,NA,W,0,willow
2008-08-18T00:00:00Z,WNC,14,WNC14,SAMO,100,120,80,150,NA,NA,NA,willow
2008-08-18T00:00:00Z,WNC,14,WNC14,SAMO,100,160,120,170,NA,NA,NA,willow
2008-08-18T00:00:00Z,WNC,14,WNC14,SAMO,10,200,220,285,NA,NA,NA,willow
2008-08-18T00:00:00Z,WNC,15,WNC15,ALIN,2,140,120,280,NA,N,0,nonwillow
2008-08-18T00:00:00Z,WNC,15,WNC15,DAFR,100,40,25,45,NA,S,5,nonwillow
2008-08-18T00:00:00Z,WNC,15,WNC15,SAMO,100,40,40,60,NA,S,4,willow
2008-08-18T00:00:00Z,WNC,15,WNC15,SAMO,100,60,55,60,NA,S,7,willow
2008-08-18T00:00:00Z,WNC,15,WNC15,SAMO,20,110,60,205,NA,N,0,willow
2008-08-18T00:00:00Z,WNC,15,WNC15,SAMO,60,160,90,120,NA,N,15,willow
2008-08-18T00:00:00Z,WNC,15,WNC15,SAPL,100,65,55,40,NA,NA,NA,willow
2008-08-18T00:00:00Z,WNC,15,WNC15,SAPL,100,45,38,30,NA,NA,NA,willow
2008-08-18T00:00:00Z,WNC,15,WNC15,SAPL,100,30,20,25,NA,NA,NA,willow
2008-08-18T00:00:00Z,WNC,15,WNC15,SAPL,100,15,10,30,NA,NA,NA,willow
2008-08-19T00:00:00Z,WNC,16,WNC16,ALIN,100,50,30,70,NA,NA,NA,nonwillow
2008-08-19T00:00:00Z,WNC,16,WNC16,ALIN,100,40,30,90,NA,NA,NA,nonwillow
2008-08-19T00:00:00Z,WNC,16,WNC16,ALIN,100,120,85,130,NA,NA,NA,nonwillow
2008-08-19T00:00:00Z,WNC,16,WNC16,ALIN,50,35,40,55,NA,NA,NA,nonwillow
2008-08-19T00:00:00Z,WNC,16,WNC16,SAGE,100,85,70,110,NA,NA,NA,willow
2008-08-19T00:00:00Z,WNC,16,WNC16,SAGE,100,80,60,130,NA,E,5,willow
2008-08-19T00:00:00Z,WNC,16,WNC16,SAGE,100,60,40,80,NA,NA,NA,willow
2008-08-19T00:00:00Z,WNC,16,WNC16,SAGE,100,25,20,60,NA,NA,NA,willow
2008-08-19T00:00:00Z,WNC,16,WNC16,SAMO,100,50,35,120,NA,E,2,willow
2008-08-19T00:00:00Z,WNC,16,WNC16,SAMO,100,60,40,120,NA,E,6,willow
2008-08-19T00:00:00Z,WNC,16,WNC16,SAMO,100,55,55,90,NA,E,5,willow
2008-08-19T00:00:00Z,WNC,16,WNC16,SAMO,100,80,70,130,NA,NA,NA,willow
2008-08-19T00:00:00Z,WNC,16,WNC16,SAMO,100,60,40,115,NA,NA,NA,willow
2008-08-19T00:00:00Z,WNC,16,WNC16,SAMO,100,55,40,60,NA,NA,NA,willow
2008-08-19T00:00:00Z,WNC,17,WNC17,NONE,0,0,0,0,NA,NA,NA,willow
2008-08-19T00:00:00Z,WNC,18,WNC18,POTR,100,10,10,40,NA,N,1,nonwillow
2008-08-19T00:00:00Z,WNC,18,WNC18,POTR,100,15,15,45,NA,N,1,nonwillow
2008-08-19T00:00:00Z,WNC,18,WNC18,POTR,100,20,25,75,NA,NA,NA,nonwillow
2008-08-19T00:00:00Z,WNC,18,WNC18,POTR,100,25,15,60,NA,NA,NA,nonwillow
2008-08-19T00:00:00Z,WNC,18,WNC18,POTR,100,20,10,40,NA,NA,NA,nonwillow
2008-08-19T00:00:00Z,WNC,18,WNC18,POTR,100,45,45,135,NA,NA,NA,nonwillow
2008-08-19T00:00:00Z,WNC,18,WNC18,POTR,100,15,10,40,NA,NA,NA,nonwillow
2008-08-19T00:00:00Z,WNC,18,WNC18,SAGE,100,25,20,60,NA,NA,NA,willow
2008-08-19T00:00:00Z,WNC,18,WNC18,SAMO,100,25,15,80,NA,N,1,willow
2008-08-19T00:00:00Z,WNC,18,WNC18,SAMO,100,65,40,90,NA,NA,NA,willow
2008-08-19T00:00:00Z,WNC,18,WNC18,SAMO,100,30,25,60,NA,NA,NA,willow
2008-08-19T00:00:00Z,WNC,18,WNC18,SAMO,100,35,25,70,NA,NA,NA,willow
2008-08-19T00:00:00Z,WNC,18,WNC18,SAPL,100,30,35,75,NA,NA,NA,willow
2008-08-19T00:00:00Z,WNC,18,WNC18,SAPL,80,180,230,140,NA,N,2,willow
2008-08-19T00:00:00Z,WNC,18,WNC18,SAPL,100,65,60,90,NA,NA,NA,willow
2008-08-19T00:00:00Z,WNC,18,WNC18,SAPL,100,70,80,90,NA,NA,NA,willow
2008-08-19T00:00:00Z,WNC,18,WNC18,SAPL,100,60,50,85,NA,NA,NA,willow
2008-08-19T00:00:00Z,WNC,18,WNC18,SAPL,100,35,30,50,NA,NA,NA,willow
2008-08-19T00:00:00Z,WNC,18,WNC18,SAPL,100,25,15,50,NA,NA,NA,willow
2008-08-19T00:00:00Z,WNC,18,WNC18,SAPL,100,70,40,85,NA,NA,NA,willow
2008-08-19T00:00:00Z,WNC,18,WNC18,SAPL,100,50,30,70,NA,NA,NA,willow
2008-08-19T00:00:00Z,WNC,18,WNC18,SAPL,100,40,30,55,NA,NA,NA,willow
2008-08-19T00:00:00Z,WNC,18,WNC18,SAPL,60,150,145,125,NA,S,18,willow
2008-08-19T00:00:00Z,WNC,18,WNC18,SAPL,60,155,110,170,NA,E,10,willow
2008-08-19T00:00:00Z,WNC,18,WNC18,SAPL,100,110,70,190,NA,E,10,willow
2008-08-19T00:00:00Z,WNC,18,WNC18,SAPL,100,70,60,110,NA,NA,NA,willow
2008-08-19T00:00:00Z,WNC,18,WNC18,SAPL,100,80,55,100,NA,NA,NA,willow
2008-08-19T00:00:00Z,WNC,18,WNC18,SAPL,100,60,30,115,NA,NA,NA,willow
2008-08-19T00:00:00Z,WNC,18,WNC18,SAPL,10,60,50,155,NA,NA,NA,willow
2008-08-19T00:00:00Z,WNC,18,WNC18,SAPL,100,40,50,75,NA,NA,NA,willow
2008-08-19T00:00:00Z,WNC,18,WNC18,SAPL,100,40,25,40,NA,NA,NA,willow
2008-08-19T00:00:00Z,WNC,18,WNC18,SAPL,100,25,20,50,NA,NA,NA,willow
2008-08-19T00:00:00Z,WNC,19,WNC19,DAFR,100,30,25,55,NA,S,1,nonwillow
2008-08-19T00:00:00Z,WNC,19,WNC19,DAFR,100,60,40,100,NA,S,2,nonwillow
2008-08-19T00:00:00Z,WNC,19,WNC19,DAFR,100,20,15,50,NA,NA,NA,nonwillow
2008-08-19T00:00:00Z,WNC,19,WNC19,SAGE,95,180,170,130,NA,S,8,willow
2008-08-19T00:00:00Z,WNC,19,WNC19,SAGE,40,130,90,120,NA,NA,NA,willow
2008-08-19T00:00:00Z,WNC,19,WNC19,SAGE,100,130,130,140,NA,NA,NA,willow
2008-08-19T00:00:00Z,WNC,19,WNC19,SAGE,100,50,30,95,NA,NA,NA,willow
2008-08-19T00:00:00Z,WNC,19,WNC19,SAMO,100,50,35,120,NA,NA,NA,willow
2008-08-19T00:00:00Z,WNC,19,WNC19,SAMO,40,40,65,80,NA,NA,NA,willow
2008-08-19T00:00:00Z,WNC,20,WNC20,DAFR,100,90,85,70,NA,NA,NA,nonwillow
2008-08-19T00:00:00Z,WNC,21,WNC21,SAMO,10,40,20,130,NA,W,0,willow
2008-08-19T00:00:00Z,WNC,21,WNC21,SAMO,5,250,130,365,NA,NA,NA,willow
2008-08-19T00:00:00Z,WNC,21,WNC21,SAMO,2,230,130,280,NA,NA,NA,willow
2008-08-19T00:00:00Z,WNC,21,WNC21,SAMO,100,170,180,340,NA,NA,NA,willow
2008-08-19T00:00:00Z,WNC,21,WNC21,SAMO,95,40,50,150,NA,NA,NA,willow
2008-08-19T00:00:00Z,WNC,21,WNC21,SAMO,5,130,150,340,NA,NA,NA,willow
2008-08-19T00:00:00Z,WNC,21,WNC21,SAMO,100,150,110,260,NA,NA,NA,willow
2008-08-19T00:00:00Z,WNC,21,WNC21,SAMO,100,40,40,140,NA,NA,NA,willow
2008-08-19T00:00:00Z,WNC,21,WNC21,SAMO,100,30,20,85,NA,NA,NA,willow
2008-08-19T00:00:00Z,WNC,21,WNC21,SAMO,100,140,100,260,NA,NA,NA,willow
2008-08-19T00:00:00Z,WNC,22,WNC22,SAPL,70,110,85,190,NA,S,1,willow
2008-08-19T00:00:00Z,WNC,22,WNC22,SAPL,5,345,355,380,NA,NA,NA,willow
2008-08-19T00:00:00Z,WNC,23,WNC23,SAGE,100,5,10,50,NA,NA,NA,willow
2008-08-19T00:00:00Z,WNC,23,WNC23,SAGE,100,15,15,50,NA,NA,NA,willow
2008-08-19T00:00:00Z,WNC,23,WNC23,SAGE,100,20,25,35,NA,NA,NA,willow
2008-08-19T00:00:00Z,WNC,23,WNC23,SAGE,100,15,10,30,NA,NA,NA,willow
2008-08-19T00:00:00Z,WNC,23,WNC23,SAGE,100,15,15,35,NA,NA,NA,willow
2008-08-19T00:00:00Z,WNC,23,WNC23,SAGE,100,10,10,50,NA,NA,NA,willow
2008-08-19T00:00:00Z,WNC,23,WNC23,SAMO,100,35,15,55,NA,W,3,willow
2008-08-19T00:00:00Z,WNC,23,WNC23,SAMO,100,10,10,60,NA,NA,NA,willow
2008-08-19T00:00:00Z,WNC,23,WNC23,SAMO,100,20,20,40,NA,N,1,willow
2008-08-19T00:00:00Z,WNC,23,WNC23,SAMO,100,15,15,40,NA,NA,NA,willow
2008-08-19T00:00:00Z,WNC,23,WNC23,SAMO,100,20,15,55,NA,NA,NA,willow
2008-08-19T00:00:00Z,WNC,23,WNC23,SAMO,100,30,20,40,NA,NA,NA,willow
2008-08-19T00:00:00Z,WNC,23,WNC23,SAMO,100,20,30,70,NA,N,3,willow
2008-08-19T00:00:00Z,WNC,23,WNC23,SAMO,100,25,20,30,NA,NA,NA,willow
2008-08-19T00:00:00Z,WNC,23,WNC23,SAMO,100,25,20,35,NA,E,3,willow
2008-08-19T00:00:00Z,WNC,23,WNC23,SAMO,100,20,15,35,NA,NA,NA,willow
2008-08-19T00:00:00Z,WNC,23,WNC23,SAMO,100,20,20,40,NA,NA,NA,willow
2008-08-19T00:00:00Z,WNC,23,WNC23,SAMO,100,15,10,25,NA,NA,NA,willow
2008-08-19T00:00:00Z,WNC,23,WNC23,SAMO,100,10,15,35,NA,NA,NA,willow
2008-08-19T00:00:00Z,WNC,23,WNC23,SAMO,100,30,20,30,NA,NA,NA,willow
2008-08-19T00:00:00Z,WNC,23,WNC23,SAMO,100,15,15,40,NA,NA,NA,willow
2008-08-19T00:00:00Z,WNC,23,WNC23,SAMO,100,15,15,45,NA,NA,NA,willow
2008-08-19T00:00:00Z,WNC,23,WNC23,SAMO,100,30,25,40,NA,NA,NA,willow
2008-08-19T00:00:00Z,WNC,23,WNC23,SAMO,100,20,15,55,NA,NA,NA,willow
2008-08-19T00:00:00Z,WNC,23,WNC23,SAMO,100,40,20,45,NA,NA,NA,willow
2008-08-19T00:00:00Z,WNC,23,WNC23,SAMO,100,20,25,40,NA,NA,NA,willow
2008-08-19T00:00:00Z,WNC,23,WNC23,SAMO,100,15,10,40,NA,NA,NA,willow
2008-08-19T00:00:00Z,WNC,23,WNC23,SAMO,100,30,20,45,NA,NA,NA,willow
2008-08-19T00:00:00Z,WNC,23,WNC23,SAMO,100,80,75,70,NA,NA,NA,willow
2008-08-19T00:00:00Z,WNC,23,WNC23,SAMO,100,20,15,35,NA,S,2,willow
2008-08-19T00:00:00Z,WNC,23,WNC23,SAMO,10,60,65,110,NA,N,0,willow
2008-08-19T00:00:00Z,WNC,23,WNC23,SAMO,100,55,45,100,NA,NA,NA,willow
2008-08-19T00:00:00Z,WNC,23,WNC23,SAMO,100,35,30,40,NA,S,4,willow
2008-08-19T00:00:00Z,WNC,23,WNC23,SAMO,100,50,55,95,NA,NA,NA,willow
2008-08-19T00:00:00Z,WNC,23,WNC23,SAMO,100,35,40,70,NA,NA,NA,willow
2008-08-19T00:00:00Z,WNC,23,WNC23,SAMO,100,25,15,45,NA,S,1,willow
2008-08-19T00:00:00Z,WNC,23,WNC23,SAMO,100,75,70,95,NA,NA,NA,willow
2008-08-19T00:00:00Z,WNC,23,WNC23,SAMO,100,10,15,20,NA,S,2,willow
2008-08-19T00:00:00Z,WNC,23,WNC23,SAMO,100,20,10,20,NA,NA,NA,willow
2008-08-19T00:00:00Z,WNC,23,WNC23,SAMO,100,30,15,120,NA,NA,NA,willow
2008-08-19T00:00:00Z,WNC,23,WNC23,SAMO,100,30,20,45,NA,NA,NA,willow
2008-08-19T00:00:00Z,WNC,23,WNC23,SAMO,100,20,20,35,NA,W,1,willow
2008-08-19T00:00:00Z,WNC,23,WNC23,SAMO,100,30,25,50,NA,NA,NA,willow
2008-08-19T00:00:00Z,WNC,23,WNC23,SAMO,100,30,20,45,NA,W,1,willow
2008-08-19T00:00:00Z,WNC,23,WNC23,SAMO,100,50,30,60,NA,NA,NA,willow
2008-08-19T00:00:00Z,WNC,23,WNC23,SAMO,100,30,20,40,NA,NA,NA,willow
2008-08-19T00:00:00Z,WNC,23,WNC23,SAMO,100,10,15,20,NA,NA,NA,willow
2008-08-19T00:00:00Z,WNC,23,WNC23,SAMO,100,10,5,20,NA,E,1,willow
2008-08-19T00:00:00Z,WNC,23,WNC23,SAMO,100,15,10,30,NA,E,1,willow
2008-08-19T00:00:00Z,WNC,23,WNC23,SAMO,100,20,10,25,NA,E,3,willow
2008-08-19T00:00:00Z,WNC,23,WNC23,SAPL,75,90,80,125,NA,NA,NA,willow
2008-08-19T00:00:00Z,WNC,23,WNC23,SAPL,100,15,10,30,NA,NA,NA,willow
2008-08-19T00:00:00Z,WNC,23,WNC23,SAPL,100,20,15,40,NA,NA,NA,willow
2008-08-19T00:00:00Z,WNC,23,WNC23,SAPL,100,20,10,50,NA,NA,NA,willow
2008-08-19T00:00:00Z,WNC,23,WNC23,SAPL,100,35,15,40,NA,NA,NA,willow
2008-08-19T00:00:00Z,WNC,23,WNC23,SAPL,100,15,10,45,NA,NA,NA,willow
2008-08-19T00:00:00Z,WNC,23,WNC23,SAPL,100,20,10,25,NA,NA,NA,willow
2008-08-19T00:00:00Z,WNC,23,WNC23,SAPL,100,20,20,25,NA,NA,NA,willow
2008-08-19T00:00:00Z,WNC,23,WNC23,SAPL,100,20,15,30,NA,NA,NA,willow
2008-08-19T00:00:00Z,WNC,23,WNC23,SAPL,100,25,20,25,NA,NA,NA,willow
2008-08-19T00:00:00Z,WNC,23,WNC23,SAPL,100,20,15,40,NA,NA,NA,willow
2008-08-19T00:00:00Z,WNC,23,WNC23,SAPL,100,20,15,40,NA,NA,NA,willow
2008-08-19T00:00:00Z,WNC,23,WNC23,SAPL,100,15,10,30,NA,NA,NA,willow
2008-08-19T00:00:00Z,WNC,23,WNC23,SAPL,100,30,25,30,NA,NA,NA,willow
2008-08-19T00:00:00Z,WNC,23,WNC23,SAPL,100,20,20,45,NA,NA,NA,willow
2008-08-19T00:00:00Z,WNC,23,WNC23,SAPL,100,25,15,25,NA,NA,NA,willow
2008-08-19T00:00:00Z,WNC,23,WNC23,SAPL,100,20,15,30,NA,S,4,willow
2008-08-19T00:00:00Z,WNC,23,WNC23,SAPL,100,15,10,30,NA,S,1,willow
2008-08-19T00:00:00Z,WNC,23,WNC23,SAPL,100,20,15,40,NA,S,2,willow
2008-08-19T00:00:00Z,WNC,23,WNC23,SAPL,100,10,10,10,NA,S,1,willow
2008-08-19T00:00:00Z,WNC,23,WNC23,SAPL,100,65,80,90,NA,NA,NA,willow
2008-08-19T00:00:00Z,WNC,23,WNC23,SAPL,100,5,5,20,NA,NA,NA,willow
2008-08-19T00:00:00Z,WNC,23,WNC23,SAPL,100,65,50,80,NA,NA,NA,willow
2008-08-19T00:00:00Z,WNC,23,WNC23,SAPL,100,25,25,40,NA,NA,NA,willow
2008-08-19T00:00:00Z,WNC,23,WNC23,SAPL,100,30,25,45,NA,NA,NA,willow
2008-08-19T00:00:00Z,WNC,23,WNC23,SAPL,100,20,20,30,NA,NA,NA,willow
2008-08-19T00:00:00Z,WNC,23,WNC23,SAPL,100,70,50,70,NA,NA,NA,willow
2008-08-19T00:00:00Z,WNC,23,WNC23,SAPL,100,20,10,20,NA,NA,NA,willow
2008-08-19T00:00:00Z,WNC,23,WNC23,SAPL,100,10,10,20,NA,E,1,willow
2008-08-20T00:00:00Z,WNC,24,WNC24,SAGE,100,315,290,350,NA,NA,NA,willow
2008-08-20T00:00:00Z,WNC,24,WNC24,SAGE,85,190,280,285,NA,E,30,willow
2008-08-20T00:00:00Z,WNC,24,WNC24,SAGE,95,150,140,320,NA,S,13,willow
2008-08-20T00:00:00Z,WNC,24,WNC24,SAGE,100,270,170,375,NA,NA,NA,willow
2008-08-20T00:00:00Z,WNC,24,WNC24,SAGE,70,210,180,335,NA,NA,NA,willow
2008-08-20T00:00:00Z,WNC,25,WNC25,SAGE,5,190,180,327,NA,E,4,willow
2008-08-20T00:00:00Z,WNC,25,WNC25,SAGE,100,35,25,110,NA,NA,NA,willow
2008-08-20T00:00:00Z,WNC,25,WNC25,SAGE,10,240,85,130,NA,NA,NA,willow
2008-08-20T00:00:00Z,WNC,25,WNC25,SAPL,95,190,130,300,NA,NA,NA,willow
2008-08-20T00:00:00Z,WNC,26,WNC26,ALIN,20,200,165,290,NA,W,3,nonwillow
2008-08-20T00:00:00Z,WNC,26,WNC26,SAMO,80,290,190,320,NA,W,12,willow
2008-08-20T00:00:00Z,WNC,27,WNC27,DAFR,100,55,50,100,NA,NA,NA,nonwillow
2008-08-20T00:00:00Z,WNC,27,WNC27,DAFR,100,20,15,80,NA,NA,NA,nonwillow
2008-08-20T00:00:00Z,WNC,27,WNC27,DAFR,100,30,20,35,NA,NA,NA,nonwillow
2008-08-20T00:00:00Z,WNC,27,WNC27,DAFR,100,80,50,80,NA,NA,NA,nonwillow
2008-08-20T00:00:00Z,WNC,27,WNC27,DAFR,100,70,40,55,NA,NA,NA,nonwillow
2008-08-20T00:00:00Z,WNC,27,WNC27,DAFR,100,70,45,75,NA,NA,NA,nonwillow
2008-08-20T00:00:00Z,WNC,27,WNC27,DAFR,100,50,40,100,NA,NA,NA,nonwillow
2008-08-20T00:00:00Z,WNC,27,WNC27,DAFR,100,70,60,50,NA,NA,NA,nonwillow
2008-08-20T00:00:00Z,WNC,27,WNC27,DAFR,100,30,30,50,NA,NA,NA,nonwillow
2008-08-20T00:00:00Z,WNC,27,WNC27,DAFR,100,30,30,60,NA,NA,NA,nonwillow
2008-08-20T00:00:00Z,WNC,27,WNC27,SAGE,50,240,160,330,NA,E,2,willow
2008-08-20T00:00:00Z,WNC,27,WNC27,SAGE,100,190,175,390,NA,NA,NA,willow
2008-08-20T00:00:00Z,WNC,27,WNC27,SAGE,100,15,10,60,NA,NA,NA,willow
2008-08-20T00:00:00Z,WNC,27,WNC27,SAGE,100,10,5,15,NA,NA,NA,willow
2008-08-20T00:00:00Z,WNC,27,WNC27,SAMO,100,20,20,30,NA,N,3,willow
2008-08-20T00:00:00Z,WNC,27,WNC27,SAMO,100,20,15,35,NA,N,2,willow
2008-08-20T00:00:00Z,WNC,27,WNC27,SAMO,100,10,5,25,NA,N,1,willow
2008-08-20T00:00:00Z,WNC,27,WNC27,SAMO,100,5,5,15,NA,N,1,willow
2008-08-20T00:00:00Z,WNC,27,WNC27,SAMO,100,5,5,10,NA,N,1,willow
2008-08-20T00:00:00Z,WNC,27,WNC27,SAMO,100,3,3,5,NA,N,1,willow
2008-08-20T00:00:00Z,WNC,27,WNC27,SAMO,100,3,3,5,NA,N,1,willow
2008-08-20T00:00:00Z,WNC,27,WNC27,SAMO,100,15,10,15,NA,N,1,willow
2008-08-20T00:00:00Z,WNC,27,WNC27,SAMO,100,3,3,10,NA,N,1,willow
2008-08-20T00:00:00Z,WNC,27,WNC27,SAMO,100,3,3,5,NA,N,1,willow
2008-08-20T00:00:00Z,WNC,27,WNC27,SAMO,100,55,45,70,NA,NA,NA,willow
2008-08-20T00:00:00Z,WNC,27,WNC27,SAMO,100,10,10,15,NA,NA,NA,willow
2008-08-20T00:00:00Z,WNC,27,WNC27,SAMO,100,165,120,155,NA,NA,NA,willow
2008-08-20T00:00:00Z,WNC,27,WNC27,SAMO,100,80,55,50,NA,E,5,willow
2008-08-20T00:00:00Z,WNC,27,WNC27,SAMO,95,30,30,60,NA,E,5,willow
2008-08-20T00:00:00Z,WNC,27,WNC27,SAMO,2,45,30,50,NA,NA,NA,willow
2008-08-20T00:00:00Z,WNC,27,WNC27,SAMO,80,80,75,70,NA,W,14,willow
2008-08-20T00:00:00Z,WNC,27,WNC27,SAMO,100,150,105,130,NA,W,20,willow
2008-08-20T00:00:00Z,WNC,27,WNC27,SAPL,100,15,10,25,NA,NA,NA,willow
2008-08-20T00:00:00Z,WNC,27,WNC27,SAPL,100,15,20,70,NA,NA,NA,willow
2008-08-20T00:00:00Z,WNC,27,WNC27,SAPL,100,30,25,70,NA,NA,NA,willow
2008-08-20T00:00:00Z,WNC,28,WNC28,DAFR,100,30,25,40,NA,NA,NA,nonwillow
2008-08-20T00:00:00Z,WNC,28,WNC28,SAMO,95,210,310,320,NA,N,15,willow
2008-08-20T00:00:00Z,WNC,28,WNC28,SAMO,100,70,40,120,NA,NA,NA,willow
2008-08-20T00:00:00Z,WNC,28,WNC28,SAMO,100,10,10,80,NA,NA,NA,willow
2008-08-20T00:00:00Z,WNC,28,WNC28,SAMO,95,35,30,95,NA,W,NA,willow
2008-08-20T00:00:00Z,WNC,28,WNC28,SAMO,100,45,40,150,NA,W,NA,willow
2008-08-21T00:00:00Z,WNC,29,WNC29,BEOC,5,290,275,380,NA,W,0,nonwillow
2008-08-21T00:00:00Z,WNC,29,WNC29,SAMO,100,80,45,90,NA,NA,NA,willow
2008-08-21T00:00:00Z,WNC,29,WNC29,SAMO,100,25,20,75,NA,NA,NA,willow
2008-08-21T00:00:00Z,WNC,29,WNC29,SAMO,100,30,20,50,NA,NA,NA,willow
2008-08-21T00:00:00Z,WNC,29,WNC29,SAMO,100,45,35,65,NA,NA,NA,willow
2008-08-21T00:00:00Z,WNC,29,WNC29,SAPL,100,15,10,40,NA,NA,NA,willow
2008-08-21T00:00:00Z,WNC,30,WNC30,SALA,100,25,20,35,NA,NA,NA,willow
2008-08-21T00:00:00Z,WNC,30,WNC30,SAMO,100,65,45,130,NA,NA,NA,willow
2008-08-21T00:00:00Z,WNC,30,WNC30,SAMO,100,20,15,50,NA,NA,NA,willow
2008-08-21T00:00:00Z,WNC,30,WNC30,SAMO,100,40,45,80,NA,NA,NA,willow
2008-08-21T00:00:00Z,WNC,30,WNC30,SAMO,100,30,30,80,NA,NA,NA,willow
2008-08-21T00:00:00Z,WNC,30,WNC30,SAMO,95,85,95,140,NA,N,3,willow
2008-08-21T00:00:00Z,WNC,30,WNC30,SAMO,45,170,190,195,NA,W,4,willow
2008-08-21T00:00:00Z,WNC,30,WNC30,SAMO,50,45,40,75,NA,NA,NA,willow
2008-08-21T00:00:00Z,WNC,30,WNC30,SAPL,100,30,15,35,NA,NA,NA,willow
2008-10-09T00:00:00Z,WNC,31,WNC31,SAPL,2,270,190,405,NA,NA,NA,willow
2008-10-09T00:00:00Z,WNC,31,WNC31,SAPL,30,300,260,455,NA,N,24,willow
2008-10-29T00:00:00Z,WNC,32,WNC32,SAGE,25,120,150,215,NA,NA,NA,willow
2008-10-29T00:00:00Z,WNC,32,WNC32,SAGE,100,245,245,290,NA,W,9,willow
2008-10-29T00:00:00Z,WNC,32,WNC32,SAMO,75,375,210,345,NA,E,48,willow
2008-10-29T00:00:00Z,WNC,32,WNC32,SAMO,20,180,340,365,NA,NA,NA,willow
2008-10-29T00:00:00Z,WNC,32,WNC32,SAMO,5,240,170,360,NA,NA,NA,willow
2008-11-04T00:00:00Z,WNC,33,WNC33,BEOC,5,55,50,150,NA,NA,NA,nonwillow
2008-11-04T00:00:00Z,WNC,33,WNC33,SAGE,75,155,120,250,NA,W,6,willow
2008-11-04T00:00:00Z,WNC,33,WNC33,SAGE,100,320,286,320,NA,NA,NA,willow
2008-11-04T00:00:00Z,WNC,33,WNC33,SAGE,10,280,260,320,NA,N,0,willow
2008-11-04T00:00:00Z,WNC,33,WNC33,SAGE,50,160,85,255,NA,NA,NA,willow
2008-11-04T00:00:00Z,WNC,33,WNC33,SAMO,100,120,120,125,NA,E,0,willow
2008-11-04T00:00:00Z,WNC,33,WNC33,SAMO,100,280,190,290,NA,N,13,willow
2008-11-10T00:00:00Z,WNC,35,WNC35,SAMO,5,270,240,460,NA,NA,NA,willow
2008-11-10T00:00:00Z,WNC,35,WNC35,SAMO,60,120,110,170,NA,N,6,willow
2008-11-10T00:00:00Z,WNC,35,WNC35,SAMO,100,60,65,155,NA,NA,NA,willow
2008-11-10T00:00:00Z,WNC,35,WNC35,SAMO,40,210,220,270,NA,S,5,willow
2008-11-10T00:00:00Z,WNC,35,WNC35,SAMO,100,60,70,215,NA,NA,NA,willow
2008-11-10T00:00:00Z,WNC,35,WNC35,SAPL,100,75,50,195,NA,NA,NA,willow
2008-11-10T00:00:00Z,WNC,35,WNC35,SAPL,95,150,130,280,NA,W,7,willow
2008-11-10T00:00:00Z,WNC,35,WNC35,SAPL,100,100,95,290,NA,W,12,willow
2008-11-10T00:00:00Z,WNC,35,WNC35,SAPL,100,100,90,250,NA,W,9,willow
2008-11-10T00:00:00Z,WNC,35,WNC35,SAPL,100,115,90,270,NA,NA,NA,willow
2008-11-10T00:00:00Z,WNC,35,WNC35,SAPL,100,180,140,290,NA,NA,NA,willow
2008-11-10T00:00:00Z,WNC,35,WNC35,SAPL,100,65,50,200,NA,NA,NA,willow
2008-11-10T00:00:00Z,WNC,35,WNC35,SAPL,100,140,100,280,NA,NA,NA,willow
2008-11-10T00:00:00Z,WNC,35,WNC35,SAXX,100,105,65,115,NA,NA,NA,willow
